hub,degree_centrality,betweenness_centrality,in_degree,out_degree
IND000000AAL,0.0012586532410320957,0.0,1,1
IND411033AAA,0.025802391441157962,0.03575463333406258,22,19
IND000000AAS,0.0012586532410320957,0.001967884130982368,1,1
IND783370AAC,0.0012586532410320957,0.0015743073047858943,1,1
IND000000AAZ,0.0025173064820641915,0.0007808564231738035,2,2
IND444203AAA,0.0018879798615481437,0.003211586901763224,2,1
IND444303AAA,0.0012586532410320957,0.0,1,1
IND000000ABA,0.0012586532410320957,0.00039357682619647357,1,1
IND683565AAA,0.0012586532410320957,0.0,1,1
IND000000ABD,0.0012586532410320957,0.0,1,1
IND562132AAA,0.0446821900566394,0.09936439226304396,36,35
IND000000ABG,0.0006293266205160479,0.0,0,1
IND501359AAF,0.0018879798615481437,0.0,3,0
IND000000ACA,0.013215859030837005,0.00615957621862461,12,9
IND140406AAA,0.0012586532410320957,0.00019678841309823678,1,1
IND142001AAB,0.0025173064820641915,0.000586167086481948,2,2
IND142401AAA,0.0018879798615481437,0.0,2,1
IND143001AAA,0.0025173064820641915,0.0,3,1
IND144001AAB,0.0062932662051604785,0.007965994962216625,5,5
IND144514AAA,0.0018879798615481437,0.00039042821158690176,1,2
IND147301AAA,0.0018879798615481437,0.00019678841309823678,2,1
IND152026AAA,0.0037759597230962874,0.0008018471872376156,2,4
IND160002AAC,0.03650094398993078,0.05736371026160257,30,28
IND000000ACB,0.05601006922592826,0.23416548664351045,41,48
IND000000AEL,0.0012586532410320957,0.0,1,1
IND110024AAA,0.0025173064820641915,0.00039357682619647357,3,1
IND110030AAD,0.0018879798615481437,0.0,2,1
IND110037AAK,0.0012586532410320957,0.0,1,1
IND110043AAA,0.0025173064820641915,0.00039357682619647357,2,2
IND110043AAC,0.0012586532410320957,0.0,1,1
IND110052AAA,0.0012586532410320957,0.0,1,1
IND110064AAA,0.0031466331025802393,0.0007871536523929471,2,3
IND110085AAB,0.005663939584644431,0.0015743073047858943,4,5
IND110092AAC,0.0031466331025802393,0.0036020151133501245,3,2
IND110095AAB,0.0012586532410320957,0.0,1,1
IND121002AAB,0.0012586532410320957,0.0,1,1
IND121004AAB,0.00881057268722467,0.004863710261602542,8,6
IND122001AAA,0.0037759597230962874,0.001271140992081132,2,4
IND122015AAC,0.0006293266205160479,0.0,1,0
IND124103AAA,0.0012586532410320957,0.0,1,1
IND124112AAA,0.0018879798615481437,0.0,1,2
IND125001AAA,0.007551919446192575,0.010454705223819163,5,7
IND125005AAA,0.005663939584644431,0.008140113350125943,4,5
IND125033AAA,0.0025173064820641915,0.0,2,2
IND127021AAA,0.0018879798615481437,0.003992443324937026,2,1
IND131028AAB,0.02328508495909377,0.03834292940517938,19,18
IND201007AAA,0.006922592825676526,0.002110478889288713,7,4
IND201301AAF,0.0062932662051604785,0.0007871536523929471,8,2
IND201301AAM,0.0012586532410320957,0.0,1,1
IND209304AAA,0.01762114537444934,0.024530632110106847,15,13
IND282002AAD,0.005034612964128383,0.0032348794471608933,4,4
IND301001AAB,0.004405286343612335,0.001569560649595585,4,3
IND301705AAA,0.0018879798615481437,0.0011807304785894208,2,1
IND302014AAA,0.010698552548772814,0.04303954568813251,10,7
IND302022AAD,0.0012586532410320957,0.0,1,1
IND328001AAA,0.0037759597230962874,4.9118387909319906e-05,3,3
IND382430AAB,0.01762114537444934,0.04491360801247448,16,12
IND390022AAA,0.005663939584644431,0.001687132661628884,5,4
IND421302AAG,0.033983637507866586,0.046876422592899106,27,27
IND462022AAA,0.013845185651353053,0.022151621080842076,13,9
IND474003AAA,0.00881057268722467,0.011914357682619652,8,6
IND501359AAE,0.03587161736941473,0.06747874072421872,30,27
IND521225AAB,0.00881057268722467,0.009817380352644836,7,7
IND600056AAB,0.022655758338577723,0.037316443841632775,18,18
IND712311AAA,0.02643171806167401,0.09200760460235015,21,21
IND751002AAB,0.011327879169288861,0.016736857274874818,12,6
IND821115AAB,0.005663939584644431,0.006331863979848867,4,5
IND834002AAB,0.0062932662051604785,0.0034687237615449213,5,5
IND842001AAA,0.016362492133417245,0.03992758186397984,11,15
IND000000ACK,0.0006293266205160479,0.0,0,1
IND000000ACN,0.0012586532410320957,0.0,1,1
IND000000ACT,0.0018879798615481437,0.0,0,3
IND000000ADV,0.0006293266205160479,0.0,0,1
IND600044AAC,0.0018879798615481437,0.0,3,0
IND000000AEM,0.0012586532410320957,0.0,0,2
IND110037AAB,0.0006293266205160479,0.0,1,0
IND110064AAB,0.0006293266205160479,0.0,1,0
IND000000AET,0.0012586532410320957,0.0023614609571788415,1,1
IND000000AFF,0.0012586532410320957,0.0,1,1
IND734203AAA,0.0006293266205160479,0.0,1,0
IND000000AFG,0.0006293266205160479,0.0,0,1
IND673027AAB,0.0018879798615481437,0.0,1,2
IND000000AFJ,0.0018879798615481437,0.0,1,2
IND695121AAA,0.0012586532410320957,0.0,1,1
IND695572AAB,0.0031466331025802393,0.0,3,2
IND000000AFR,0.0006293266205160479,0.0,0,1
IND683511AAA,0.011327879169288861,0.01063287153652393,11,7
IND000000AFT,0.008181246066708623,0.0023614609571788415,5,8
IND400072AAB,0.012586532410320957,0.005321481983285965,11,9
IND400701AAA,0.0012586532410320957,0.0,1,1
IND400706AAA,0.0012586532410320957,0.0,1,1
IND410206AAA,0.0018879798615481437,0.0,2,1
IND410206AAB,0.0012586532410320957,0.0,1,1
IND410209AAA,0.0006293266205160479,0.0,1,0
IND410210AAA,0.0006293266205160479,0.0,1,0
IND110014AAA,0.0012586532410320957,0.0,1,1
IND110020AAB,0.0012586532410320957,0.0,1,1
IND110037AAM,0.025802391441157962,0.043056414883333685,19,22
IND110035AAC,0.0012586532410320957,0.0,1,1
IND201001AAC,0.0006293266205160479,0.0,1,0
IND201301AAD,0.0012586532410320957,0.0,1,1
IND202001AAB,0.005034612964128383,0.007211114609571783,4,4
IND226004AAC,0.0006293266205160479,0.0,1,0
IND282001AAA,0.0018879798615481437,0.0,2,1
IND282001AAC,0.0012586532410320957,0.0,1,1
IND811399AAA,0.0018879798615481437,0.0002509820678901283,1,2
IND110039AAA,0.0012586532410320957,0.0,1,1
IND110078AAA,0.0012586532410320957,0.0,1,1
IND110044AAB,0.005034612964128383,0.0,2,6
IND110005AAA,0.0006293266205160479,0.0,1,0
IND110046AAA,0.0006293266205160479,0.0,1,0
IND110083AAA,0.0012586532410320957,0.0,1,1
IND110085AAA,0.0006293266205160479,0.0,1,0
IND110087AAA,0.0006293266205160479,0.0,1,0
IND110093AAA,0.0012586532410320957,0.0,1,1
IND121001AAA,0.0012586532410320957,0.0,1,1
IND121004AAA,0.0012586532410320957,0.0,1,1
IND121004AAC,0.0012586532410320957,0.0,1,1
IND121102AAA,0.0012586532410320957,0.0,1,1
IND122001AAD,0.0012586532410320957,0.00039357682619647357,1,1
IND122101AAC,0.0006293266205160479,0.0,1,0
IND122050AAA,0.0006293266205160479,0.0,1,0
IND122001AAJ,0.0012586532410320957,0.003992443324937028,1,1
IND507123AAA,0.0012586532410320957,0.003598866498740554,1,1
IND122002AAD,0.0006293266205160479,0.0,0,1
IND122503AAA,0.0012586532410320957,0.0,1,1
IND122004AAA,0.0012586532410320957,0.0,0,2
IND122413AAE,0.0006293266205160479,0.0,1,0
IND123001AAA,0.0018879798615481437,0.0007871536523929471,2,1
IND123401AAB,0.0012586532410320957,0.00039357682619647357,1,1
IND123106AAB,0.0006293266205160479,0.0,1,0
IND124001AAB,0.0012586532410320957,0.0007871536523929471,1,1
IND126102AAA,0.0012586532410320957,0.00039357682619647357,1,1
IND124141AAA,0.0012586532410320957,0.0032052896725440795,1,1
IND124507AAA,0.0018879798615481437,0.00039357682619647357,1,2
IND131028AAE,0.0006293266205160479,0.0,1,0
IND125047AAB,0.0025173064820641915,0.0004093198992443325,2,2
IND125051AAA,0.0025173064820641915,0.0039861460957178844,3,1
IND335513AAA,0.0037759597230962874,0.009115239294710325,3,3
IND335523AAB,0.0018879798615481437,0.0,3,0
IND335524AAA,0.0018879798615481437,0.0,2,1
IND125050AAA,0.0012586532410320957,0.0,1,1
IND125111AAA,0.0012586532410320957,0.003613786818222093,1,1
IND125104AAA,0.0012586532410320957,0.006385390428211585,1,1
IND125121AAA,0.0012586532410320957,0.006416876574307305,1,1
IND131301AAA,0.0012586532410320957,0.0,1,1
IND126112AAA,0.0006293266205160479,0.0,0,1
IND127201AAA,0.0012586532410320957,0.003598866498740553,1,1
IND131021AAA,0.0006293266205160479,0.0,0,1
IND131028AAA,0.0006293266205160479,0.0,1,0
IND132103AAA,0.0025173064820641915,0.0007808564231738035,2,2
IND136118AAA,0.0012586532410320957,0.0011807304785894208,1,1
IND201204AAA,0.0012586532410320957,0.0,1,1
IND244001AAA,0.0012586532410320957,0.0035421914357682623,1,1
IND244235AAA,0.0012586532410320957,0.00658375314861461,1,1
IND247667AAA,0.0012586532410320957,0.0,1,1
IND247667AAB,0.0006293266205160479,0.0,1,0
IND248001AAD,0.0018879798615481437,0.0,2,1
IND249407AAA,0.004405286343612335,0.0007871536523929471,4,3
IND250002AAA,0.0025173064820641915,0.0,3,1
IND250609AAA,0.0006293266205160479,0.0,1,0
IND250611AAA,0.0012586532410320957,0.0007847803247977925,1,1
IND251001AAA,0.0012586532410320957,0.0007871536523929471,1,1
IND132001AAA,0.0025173064820641915,0.00039239016239889625,1,3
IND132103AAB,0.0012586532410320957,0.0,1,1
IND133004AAA,0.0006293266205160479,0.0,0,1
IND135001AAA,0.0018879798615481437,0.00039357682619647357,2,1
IND134102AAA,0.0018879798615481437,2.6238455079764903e-06,2,1
IND174103AAA,0.0025173064820641915,0.0,3,1
IND134109AAA,0.0006293266205160479,0.0,0,1
IND134203AAA,0.0012586532410320957,0.00039357682619647357,1,1
IND140501AAA,0.0012586532410320957,0.0,1,1
IND173025AAA,0.0012586532410320957,0.0,1,1
IND136027AAA,0.0012586532410320957,0.00039672544080604537,1,1
IND132039AAA,0.0006293266205160479,0.0,1,0
IND136128AAA,0.0012586532410320957,0.0007911091983848715,1,1
IND140001AAA,0.0012586532410320957,0.00039357682619647357,1,1
IND140118AAA,0.0012586532410320957,0.0,1,1
IND140301AAA,0.0018879798615481437,0.0007847803247977925,1,2
IND140901AAA,0.0025173064820641915,0.003205289672544081,2,2
IND140401AAA,0.0031466331025802393,0.0,2,3
IND160055AAA,0.0018879798615481437,0.0,2,1
IND141003AAB,0.0012586532410320957,0.0,0,2
IND142026AAA,0.0018879798615481437,0.0,1,2
IND141010AAA,0.0006293266205160479,0.0,0,1
IND141109AAA,0.0012586532410320957,0.0,1,1
IND141115AAA,0.0018879798615481437,0.0,2,1
IND151001AAA,0.005663939584644431,0.008737405541561712,5,4
IND144001AAA,0.0012586532410320957,0.0,1,1
IND144040AAA,0.0018879798615481437,0.0032245610926167362,2,1
IND144401AAB,0.0012586532410320957,0.0,1,1
IND144601AAA,0.0018879798615481437,0.0007816158880042531,1,2
IND144001AAC,0.0012586532410320957,0.0,0,2
IND144527AAA,0.0006293266205160479,0.0,0,1
IND145001AAA,0.0018879798615481437,0.0,1,2
IND176201AAA,0.0012586532410320957,0.0,1,1
IND176303AAA,0.0018879798615481437,0.0,2,1
IND147001AAB,0.0025173064820641915,0.00019678841309823678,2,2
IND147201AAA,0.0018879798615481437,0.0,2,1
IND147001AAD,0.0031466331025802393,0.0013775188916876574,2,3
IND148023AAA,0.0025173064820641915,0.0007934508816120907,2,2
IND147101AAA,0.0025173064820641915,0.0,2,2
IND147105AAA,0.0025173064820641915,0.0,2,2
IND148001AAA,0.0006293266205160479,0.0,1,0
IND148024AAB,0.0006293266205160479,0.0,1,0
IND148028AAA,0.0012586532410320957,0.0,0,2
IND148101AAA,0.0012586532410320957,0.00039239016239889625,1,1
IND148102AAA,0.0012586532410320957,0.003211586901763224,1,1
IND151103AAA,0.0006293266205160479,0.0,1,0
IND151302AAA,0.0012586532410320957,0.0007847803247977925,1,1
IND151505AAA,0.0012586532410320957,0.0036020151133501262,1,1
IND151506AAA,0.0012586532410320957,0.0032084382871536525,1,1
IND152024AAA,0.0012586532410320957,0.00039357682619647357,1,1
IND152123AAA,0.0006293266205160479,0.0,1,0
IND140603AAA,0.0006293266205160479,0.0,1,0
IND160003AAA,0.0012586532410320957,0.0,1,1
IND160102AAC,0.0012586532410320957,0.0,1,1
IND173212AAA,0.0031466331025802393,0.0007816158880042531,2,3
IND174001AAA,0.0018879798615481437,0.004386020151133502,2,1
IND174307AAA,0.0012586532410320957,0.0,1,1
IND176041AAA,0.0012586532410320957,0.0,2,0
IND181152AAA,0.0025173064820641915,0.00019678841309823678,3,1
IND184104AAA,0.0037759597230962874,0.000983942065491184,2,4
IND160102AAD,0.0012586532410320957,0.0,0,2
IND160002AAD,0.0006293266205160479,0.0,1,0
IND173220AAA,0.0018879798615481437,1.049538203190596e-06,1,2
IND175018AAA,0.0012586532410320957,0.003992443324937028,1,1
IND174021AAA,0.0006293266205160479,0.0,0,1
IND176048AAA,0.0012586532410320957,0.0,1,1
IND174101AAB,0.0012586532410320957,0.0,0,2
IND175001AAA,0.0012586532410320957,0.003598866498740554,1,1
IND175101AAA,0.0012586532410320957,0.003205289672544081,1,1
IND175015AAA,0.0012586532410320957,0.003217884130982368,1,1
IND176061AAA,0.0012586532410320957,0.0,1,1
IND176110AAB,0.0012586532410320957,0.0,1,1
IND177033AAA,0.0012586532410320957,0.003217884130982368,1,1
IND176215AAA,0.0006293266205160479,0.0,0,1
IND176310AAA,0.0012586532410320957,0.0,1,1
IND177001AAA,0.0006293266205160479,0.0,0,1
IND177101AAA,0.0012586532410320957,0.0,1,1
IND176001AAA,0.0006293266205160479,0.0,1,0
IND177203AAA,0.0006293266205160479,0.0,0,1
IND184121AAA,0.0037759597230962874,0.0,3,3
IND181152AAB,0.0031466331025802393,0.00039357682619647357,2,3
IND181201AAB,0.0012586532410320957,0.0,1,1
IND201001AAA,0.0012586532410320957,0.0,1,1
IND201005AAA,0.0012586532410320957,0.0,1,1
IND201007AAB,0.0025173064820641915,0.0001425947583063452,1,3
IND245304AAA,0.0025173064820641915,0.00039357682619647357,2,2
IND201304AAA,0.0018879798615481437,0.0,2,1
IND203205AAA,0.0006293266205160479,0.0,1,0
IND201301AAL,0.0018879798615481437,0.0,1,2
IND201307AAA,0.0012586532410320957,0.0,1,1
IND201306AAA,0.0012586532410320957,0.0,0,2
IND205001AAB,0.004405286343612335,0.008753148614609572,3,4
IND207123AAA,0.0012586532410320957,0.0,1,1
IND202001AAC,0.0006293266205160479,0.0,0,1
IND204215AAA,0.0012586532410320957,0.0,1,1
IND203001AAA,0.0006293266205160479,0.0,0,1
IND203131AAA,0.0012586532410320957,0.0,1,1
IND203135AAA,0.0018879798615481437,0.0,1,2
IND203390AAA,0.0018879798615481437,0.0,2,1
IND203396AAB,0.0012586532410320957,0.0,1,1
IND204101AAA,0.0012586532410320957,1.8307238932516753e-05,1,1
IND207001AAA,0.0012586532410320957,0.0032210327455919397,1,1
IND205135AAA,0.0012586532410320957,0.00039357682619647357,1,1
IND209625AAA,0.0018879798615481437,0.0007871536523929471,2,1
IND209721AAB,0.0012586532410320957,0.0,1,1
IND283203AAA,0.0012586532410320957,0.0,1,1
IND206001AAA,0.0012586532410320957,0.0,1,1
IND206122AAA,0.0012586532410320957,0.00039357682619647357,1,1
IND207302AAA,0.0012586532410320957,0.003217884130982368,1,1
IND207247AAB,0.0018879798615481437,0.006435768261964736,2,1
IND208012AAA,0.0012586532410320957,0.0,1,1
IND208017AAA,0.0006293266205160479,0.0,0,1
IND208019AAA,0.0012586532410320957,0.0,1,1
IND209101AAA,0.0012586532410320957,0.0015743073047858943,1,1
IND209111AAA,0.0012586532410320957,0.0011807304785894208,1,1
IND285001AAD,0.0012586532410320957,0.0007871536523929471,1,1
IND209206AAB,0.0012586532410320957,0.00039357682619647357,1,1
IND210301AAA,0.0006293266205160479,0.0,1,0
IND208006AAA,0.0006293266205160479,0.0,1,0
IND209801AAA,0.0012586532410320957,0.0,1,1
IND211002AAB,0.005034612964128383,0.00468336645443844,4,4
IND212601AAA,0.0012586532410320957,0.0007871536523929471,1,1
IND221313AAA,0.0006293266205160479,0.0,1,0
IND241124AAB,0.0012586532410320957,0.00039357682619647357,1,1
IND210001AAA,0.0012586532410320957,0.00039357682619647357,1,1
IND210427AAA,0.0012586532410320957,0.0,1,1
IND210431AAA,0.0012586532410320957,0.0,1,1
IND210501AAB,0.0006293266205160479,0.0,0,1
IND211011AAA,0.0012586532410320957,0.0007871536523929471,1,1
IND211013AAA,0.0006293266205160479,0.0,1,0
IND485001AAC,0.004405286343612335,0.002751889168765743,2,5
IND211008AAA,0.0006293266205160479,0.0,0,1
IND212501AAA,0.0012586532410320957,0.00039357682619647357,1,1
IND212402AAA,0.0012586532410320957,0.0,1,1
IND221010AAB,0.0031466331025802393,4.7229219143576825e-05,2,3
IND222001AAA,0.0012586532410320957,6.297229219143577e-06,1,1
IND232101AAB,0.0012586532410320957,1.2594458438287154e-05,1,1
IND233001AAA,0.0018879798615481437,9.445843828715366e-06,1,2
IND221303AAA,0.0012586532410320957,0.0,1,1
IND231001AAA,0.0006293266205160479,0.0,1,0
IND221401AAA,0.0006293266205160479,0.0,0,1
IND221706AAA,0.0012586532410320957,0.0,1,1
IND273014AAB,0.0062932662051604785,0.0,5,5
IND222136AAA,0.0006293266205160479,0.0,1,0
IND223101AAB,0.0012586532410320957,0.0,1,1
IND222125AAB,0.0006293266205160479,0.0,1,0
IND224001AAA,0.0006293266205160479,0.0,0,1
IND224141AAB,0.0012586532410320957,0.0,1,1
IND224122AAA,0.0006293266205160479,0.0,1,0
IND226004AAA,0.0012586532410320957,0.0,0,2
IND226016AAA,0.0006293266205160479,0.0,1,0
IND226024AAA,0.0006293266205160479,0.0,1,0
IND231205AAA,0.0012586532410320957,0.0,1,1
IND231216AAA,0.0012586532410320957,0.0,2,0
IND231208AAA,0.0006293266205160479,0.0,0,1
IND231217AAA,0.0012586532410320957,0.0,1,1
IND231225AAB,0.0012586532410320957,1.2594458438287154e-05,1,1
IND486886AAA,0.0012586532410320957,9.445843828715366e-06,1,1
IND232104AAB,0.0018879798615481437,6.297229219143577e-06,1,2
IND232327AAA,0.0006293266205160479,0.0,1,0
IND275101AAA,0.0012586532410320957,0.0,1,1
IND275503AAA,0.0018879798615481437,3.4634760705289674e-05,2,1
IND242001AAA,0.0006293266205160479,0.0,1,0
IND242221AAA,0.0012586532410320957,0.0,1,1
IND242307AAB,0.0012586532410320957,0.0,0,2
IND243001AAA,0.0012586532410320957,0.0,0,2
IND243503AAB,0.0012586532410320957,0.0,1,1
IND244901AAB,0.009439899307740718,0.009452172702302445,9,6
IND243201AAA,0.0018879798615481437,0.00039357682619647357,2,1
IND262001AAA,0.0025173064820641915,0.00039357682619647357,2,2
IND243301AAB,0.0018879798615481437,0.00039239016239889625,1,2
IND244901AAC,0.0006293266205160479,0.0,1,0
IND263153AAB,0.006922592825676526,0.0031486146095717885,6,5
IND244221AAA,0.0012586532410320957,0.006328715365239296,1,1
IND244301AAA,0.0012586532410320957,0.0011744332493702771,1,1
IND244412AAA,0.0018879798615481437,0.0007808564231738035,1,2
IND244501AAA,0.0012586532410320957,0.00039357682619647357,1,1
IND244601AAB,0.0012586532410320957,0.0,1,1
IND244713AAA,0.0018879798615481437,0.0,2,1
IND263401AAA,0.0025173064820641915,0.00019678841309823678,2,2
IND244715AAA,0.0012586532410320957,0.00019678841309823678,1,1
IND243002AAA,0.0006293266205160479,0.0,1,0
IND244921AAB,0.0018879798615481437,0.00039357682619647357,1,2
IND246725AAB,0.0012586532410320957,0.001967884130982368,1,1
IND245101AAA,0.0012586532410320957,0.0,1,1
IND246149AAA,0.0012586532410320957,0.0,1,1
IND246174AAA,0.0012586532410320957,0.0,1,1
IND246444AAB,0.0012586532410320957,0.0,1,1
IND246424AAA,0.0012586532410320957,3.1486146095717885e-06,1,1
IND246701AAA,0.0012586532410320957,0.0015743073047858943,1,1
IND246763AAA,0.0012586532410320957,0.0011807304785894208,1,1
IND246761AAA,0.0018879798615481437,0.0007871536523929471,1,2
IND247554AAA,0.0018879798615481437,0.00039357682619647357,1,2
IND248001AAA,0.0018879798615481437,0.0,2,1
IND247776AAA,0.0012586532410320957,0.0036020151133501262,1,1
IND251309AAB,0.0012586532410320957,0.003208438287153653,1,1
IND248122AAB,0.0012586532410320957,0.0,1,1
IND248197AAA,0.0006293266205160479,0.0,0,1
IND249201AAA,0.0012586532410320957,0.0,1,1
IND251201AAA,0.0006293266205160479,0.0,0,1
IND261001AAA,0.0012586532410320957,9.445843828715366e-06,1,1
IND262701AAA,0.0012586532410320957,6.297229219143577e-06,1,1
IND261201AAB,0.0006293266205160479,0.0,0,1
IND262122AAB,0.0012586532410320957,0.0,1,1
IND262405AAA,0.0006293266205160479,0.0,0,1
IND262501AAA,0.0012586532410320957,0.0,1,1
IND262802AAA,0.0012586532410320957,3.1486146095717885e-06,1,1
IND262723AAB,0.0006293266205160479,0.0,1,0
IND263002AAA,0.0012586532410320957,0.0011807304785894208,1,1
IND263645AAA,0.0018879798615481437,0.0007871536523929471,2,1
IND263139AAA,0.0012586532410320957,0.0,1,1
IND263601AAA,0.0025173064820641915,0.00039357682619647357,1,3
IND271001AAA,0.0018879798615481437,0.0,1,2
IND271201AAA,0.0012586532410320957,0.0,1,1
IND271210AAA,0.0018879798615481437,0.0,2,1
IND272001AAA,0.0012586532410320957,0.0,1,1
IND272155AAA,0.0006293266205160479,0.0,0,1
IND272207AAB,0.0006293266205160479,0.0,0,1
IND272153AAC,0.0006293266205160479,0.0,1,0
IND273155AAA,0.0012586532410320957,0.0,1,1
IND274001AAA,0.0025173064820641915,0.0,2,2
IND274301AAB,0.0025173064820641915,0.0,3,1
IND277303AAC,0.0012586532410320957,0.0,1,1
IND273303AAA,0.0012586532410320957,0.0,1,1
IND273304AAA,0.0012586532410320957,0.0,1,1
IND274509AAB,0.0018879798615481437,0.0,1,2
IND274304AAA,0.0018879798615481437,0.0,2,1
IND274304AAB,0.0025173064820641915,0.0,2,2
IND274402AAA,0.0012586532410320957,0.0,0,2
IND275303AAA,0.0012586532410320957,2.8337531486146096e-05,1,1
IND276140AAA,0.0012586532410320957,2.5315494348315888e-05,1,1
IND276128AAA,0.0006293266205160479,0.0,0,1
IND276305AAA,0.0012586532410320957,0.0,1,1
IND276129AAA,0.0012586532410320957,5.352644836272041e-05,1,1
IND277201AAA,0.0012586532410320957,0.0,1,1
IND277211AAA,0.0012586532410320957,0.0,1,1
IND281121AAB,0.0006293266205160479,0.0,0,1
IND281401AAA,0.0012586532410320957,0.0,0,2
IND321022AAA,0.0012586532410320957,0.0,1,1
IND282001AAF,0.0006293266205160479,0.0,0,1
IND283122AAB,0.0018879798615481437,0.0,1,2
IND281004AAA,0.0006293266205160479,0.0,1,0
IND282005AAA,0.0006293266205160479,0.0,1,0
IND284001AAA,0.0006293266205160479,0.0,0,1
IND284403AAA,0.0018879798615481437,0.0,1,2
IND472001AAA,0.0025173064820641915,2.204030226700252e-05,2,2
IND285205AAB,0.0012586532410320957,0.00039357682619647357,1,1
IND321001AAB,0.0018879798615481437,0.0005903652392947104,1,2
IND321606AAA,0.0025173064820641915,0.00019678841309823678,2,2
IND301019AAA,0.0012586532410320957,0.0,0,2
IND302004AAA,0.0012586532410320957,0.0,1,1
IND302014AAB,0.011327879169288861,4.7229219143576825e-05,7,11
IND302006AAA,0.0012586532410320957,0.0,1,1
IND303702AAB,0.0018879798615481437,0.005859571788413099,1,2
IND305001AAC,0.005034612964128383,0.011042191435768262,4,4
IND306401AAB,0.004405286343612335,0.011754827875734678,3,4
IND313001AAB,0.005663939584644431,0.011311817800167927,4,5
IND302006AAC,0.0006293266205160479,0.0,1,0
IND302020AAA,0.0012586532410320957,0.0,1,1
IND302023AAA,0.0006293266205160479,0.0,1,0
IND302026AAA,0.0012586532410320957,0.0,1,1
IND303008AAB,0.0012586532410320957,1.5743073047858942e-06,1,1
IND303301AAB,0.0012586532410320957,0.0,1,1
IND303303AAA,0.0018879798615481437,6.297229219143577e-06,2,1
IND303603AAB,0.0025173064820641915,1.5743073047858942e-06,2,2
IND303901AAA,0.0012586532410320957,3.1486146095717885e-06,1,1
IND303002AAA,0.0012586532410320957,0.0,1,1
IND303338AAB,0.0018879798615481437,0.0,2,1
IND303106AAA,0.0018879798615481437,0.0032210327455919397,1,2
IND303108AAB,0.0006293266205160479,0.0,0,1
IND322230AAA,0.0012586532410320957,3.1486146095717885e-06,1,1
IND303503AAA,0.0012586532410320957,0.0,1,1
IND332001AAB,0.005663939584644431,0.005101072111185652,3,6
IND332404AAA,0.0012586532410320957,0.0,1,1
IND304001AAA,0.0006293266205160479,0.0,1,0
IND305802AAA,0.0012586532410320957,0.0015743073047858943,1,1
IND305901AAA,0.0012586532410320957,0.0,1,1
IND342602AAC,0.0025173064820641915,0.0019461286280267839,2,2
IND305404AAA,0.0012586532410320957,0.00679471032745592,1,1
IND305601AAC,0.0012586532410320957,0.006401133501259446,1,1
IND305624AAA,0.0018879798615481437,0.0071882871536523936,2,1
IND341512AAA,0.0012586532410320957,0.0011807304785894208,1,1
IND306116AAA,0.0006293266205160479,0.0,0,1
IND306001AAA,0.0006293266205160479,0.0,1,0
IND306304AAB,0.0012586532410320957,0.0,1,1
IND311302AAA,0.0018879798615481437,0.007581863979848866,2,1
IND342005AAD,0.0037759597230962874,0.003135956862397631,2,4
IND343001AAA,0.0012586532410320957,0.0011807304785894208,1,1
IND307001AAA,0.0012586532410320957,0.00039871903598597523,1,1
IND306902AAA,0.0006293266205160479,0.0,1,0
IND311001AAA,0.0018879798615481437,0.0035925692695214107,2,1
IND313324AAA,0.0012586532410320957,0.0031989924433249366,1,1
IND311301AAA,0.0006293266205160479,0.0,0,1
IND312001AAA,0.0025173064820641915,0.004376574307304786,2,2
IND312601AAA,0.0012586532410320957,0.0007847803247977925,1,1
IND312403AAA,0.0012586532410320957,0.003208438287153652,1,1
IND458664AAA,0.0012586532410320957,0.0036020151133501262,1,1
IND312605AAB,0.0025173064820641915,0.003992443324937028,2,2
IND458001AAB,0.0012586532410320957,0.00039042821158690176,1,1
IND327001AAB,0.0012586532410320957,0.0011712846347607052,1,1
IND321001AAA,0.0025173064820641915,0.0,2,2
IND321401AAB,0.0012586532410320957,0.0,2,0
IND321408AAB,0.0006293266205160479,0.0,0,1
IND322201AAA,0.0018879798615481437,0.0,1,2
IND322241AAA,0.0012586532410320957,0.0,1,1
IND331022A1B,0.0006293266205160479,0.0,0,1
IND331001A1C,0.0006293266205160479,0.0,1,0
IND331304AAA,0.0006293266205160479,0.0,0,1
IND331507AAA,0.0006293266205160479,0.0,0,1
IND331701AAA,0.0012586532410320957,0.0,1,1
IND333001AAA,0.0012586532410320957,0.0,1,1
IND333028AAA,0.0018879798615481437,0.00039357682619647357,2,1
IND333031AAA,0.0018879798615481437,0.00039672544080604537,2,1
IND333042AAA,0.0012586532410320957,0.0,1,1
IND334001AAB,0.0012586532410320957,0.00019678841309823678,1,1
IND334001AAC,0.0018879798615481437,0.0049448992443324935,1,2
IND332713AAA,0.0018879798615481437,0.0,1,2
IND332709AAA,0.0006293266205160479,0.0,1,0
IND332715AAB,0.0006293266205160479,0.0,1,0
IND333502AAA,0.0006293266205160479,0.0,1,0
IND331023AAA,0.0006293266205160479,0.0,1,0
IND333504AAA,0.0006293266205160479,0.0,0,1
IND334803AAA,0.0018879798615481437,0.0,2,1
IND341001AAC,0.0025173064820641915,0.004354534005037784,2,2
IND335001AAA,0.0012586532410320957,0.0067789672544080574,1,1
IND335051AAA,0.0012586532410320957,0.006410579345088159,1,1
IND335501AAA,0.0006293266205160479,0.0,0,1
IND335803AAA,0.0012586532410320957,0.0,1,1
IND335804AAD,0.0025173064820641915,0.004373425692695213,2,2
IND335701AAA,0.0018879798615481437,0.006804156171284632,2,1
IND335703AAA,0.0012586532410320957,0.0,1,1
IND341030AAA,0.0012586532410320957,0.0,1,1
IND341303AAA,0.0018879798615481437,0.0035673803526448363,2,1
IND341306AAA,0.0012586532410320957,0.003173803526448363,1,1
IND341503AAB,0.0012586532410320957,0.0,1,1
IND341510AAB,0.0018879798615481437,0.0,2,1
IND341505AAA,0.0018879798615481437,0.0007871536523929471,1,2
IND342601AAA,0.0018879798615481437,0.0,1,2
IND342902A1B,0.0018879798615481437,0.0016027872359277496,2,1
IND342902AAA,0.0018879798615481437,0.001594773299748111,2,1
IND344022AAB,0.0018879798615481437,0.0015743073047858943,1,2
IND342301AAA,0.0031466331025802393,0.0,4,1
IND343029AAB,0.0012586532410320957,0.0007911091983848715,1,1
IND344001AAA,0.0025173064820641915,0.0007871536523929471,1,3
IND345001AAA,0.0018879798615481437,0.0,1,2
IND345021AAA,0.0018879798615481437,0.0,2,1
IND360003AAA,0.0006293266205160479,0.0,0,1
IND360311AAA,0.0012586532410320957,0.0,1,1
IND360050AAA,0.0006293266205160479,0.0,1,0
IND360370AAA,0.0012586532410320957,3.1486146095717885e-06,1,1
IND360410AAA,0.0012586532410320957,0.0,1,1
IND360490AAA,0.0012586532410320957,0.0,1,1
IND362001AAA,0.004405286343612335,3.4634760705289674e-05,3,4
IND360510AAB,0.0012586532410320957,3.1486146095717885e-06,1,1
IND360530AAB,0.0012586532410320957,0.0,1,1
IND360575AAA,0.0012586532410320957,6.297229219143577e-06,1,1
IND361001AAA,0.0006293266205160479,0.0,0,1
IND361305AAC,0.0012586532410320957,0.0,1,1
IND361315AAA,0.0012586532410320957,0.0,1,1
IND361335AAA,0.0012586532410320957,0.0,1,1
IND360002AAB,0.0018879798615481437,0.0,3,0
IND362220AAA,0.0012586532410320957,3.1486146095717885e-06,1,1
IND362265AAA,0.0018879798615481437,9.445843828715366e-06,2,1
IND362150AAA,0.0012586532410320957,0.0,1,1
IND362225AAA,0.0012586532410320957,0.0,1,1
IND362720AAA,0.0012586532410320957,6.297229219143577e-06,1,1
IND362560AAA,0.0012586532410320957,3.1486146095717885e-06,1,1
IND363001AAA,0.0012586532410320957,0.0,1,1
IND363421AAB,0.0012586532410320957,0.0,1,1
IND363310AAB,0.0018879798615481437,0.003208438287153652,2,1
IND363330AAB,0.0012586532410320957,0.0,1,1
IND364710AAA,0.0006293266205160479,0.0,1,0
IND363520AAC,0.0006293266205160479,0.0,0,1
IND363621AAB,0.0012586532410320957,0.0,1,1
IND363641AAA,0.0012586532410320957,0.0,0,2
IND364004AAB,0.0012586532410320957,0.0011866637975773073,1,1
IND365560AAA,0.0012586532410320957,0.0007974380719719505,1,1
IND365560AAB,0.0012586532410320957,0.0003998740554156171,1,1
IND364290AAA,0.0006293266205160479,0.0,1,0
IND370001AAA,0.0031466331025802393,0.0,2,3
IND370110AAA,0.0018879798615481437,0.0,1,2
IND370201AAA,0.0025173064820641915,0.0039955919395466,2,2
IND370615AAB,0.0018879798615481437,0.0,2,1
IND380005AAA,0.0025173064820641915,0.0007816158880042531,1,3
IND382421AAA,0.0018879798615481437,0.0,1,2
IND382721AAA,0.0018879798615481437,0.0,2,1
IND380006AAA,0.0006293266205160479,0.0,0,1
IND380006AAB,0.0006293266205160479,0.0,0,1
IND380021AAA,0.0006293266205160479,0.0,0,1
IND380054AAA,0.0012586532410320957,0.0,1,1
IND380015AAB,0.0006293266205160479,0.0,1,0
IND382345AAA,0.0006293266205160479,0.0,1,0
IND384205AAA,0.0062932662051604785,0.010673803526448363,5,5
IND388320AAA,0.004405286343612335,0.001605793450881612,4,3
IND389001AAA,0.0012586532410320957,0.0007871536523929471,1,1
IND395023AAA,0.009439899307740718,0.012298398998558271,7,8
IND382715AAA,0.0012586532410320957,0.006360201511335012,1,1
IND383001AAA,0.0012586532410320957,0.0007871536523929471,1,1
IND383315AAC,0.0012586532410320957,0.00039357682619647357,1,1
IND383255AAB,0.0012586532410320957,0.0,1,1
IND384170AAA,0.0012586532410320957,0.0011771704871966888,1,1
IND384265AAB,0.0018879798615481437,0.003992443324937028,1,2
IND384355AAB,0.0018879798615481437,0.0,1,2
IND385001AAA,0.0018879798615481437,0.00039042821158690176,2,1
IND385320AAA,0.0012586532410320957,0.0,1,1
IND385340AAB,0.0018879798615481437,0.0032052896725440804,2,1
IND385535AAA,0.0012586532410320957,0.0,1,1
IND387001AAA,0.0012586532410320957,0.00039357682619647357,1,1
IND388220AAA,0.0012586532410320957,0.0,1,1
IND388121AAA,0.0012586532410320957,0.00039357682619647357,1,1
IND388620AAB,0.0012586532410320957,0.0,1,1
IND389151AAA,0.0012586532410320957,0.00039357682619647357,1,1
IND457661AAA,0.0006293266205160479,0.0,1,0
IND390020AAA,0.0018879798615481437,0.00039357682619647357,1,2
IND391110AAD,0.0012586532410320957,0.0,1,1
IND395001AAA,0.0012586532410320957,0.0,1,1
IND395023AAD,0.0062932662051604785,1.574307304785894e-05,5,5
IND395004AAB,0.0012586532410320957,0.0,1,1
IND395006AAA,0.0012586532410320957,0.0,1,1
IND395009AAA,0.0012586532410320957,0.0,1,1
IND395010AAB,0.0006293266205160479,0.0,0,1
IND394221AAA,0.0006293266205160479,0.0,1,0
IND396191AAC,0.004405286343612335,0.0007871536523929471,3,4
IND396445AAA,0.0012586532410320957,0.0,1,1
IND396001AAA,0.0012586532410320957,1.8891687657430733e-05,1,1
IND396105AAA,0.0012586532410320957,0.0,1,1
IND396191AAB,0.0006293266205160479,0.0,0,1
IND396232AAA,0.0012586532410320957,0.0,1,1
IND396321AAA,0.0025173064820641915,2.204030226700252e-05,2,2
IND396580AAB,0.0012586532410320957,0.0,1,1
IND400011AAA,0.0025173064820641915,0.00039042821158690176,2,2
IND400072AAD,0.0025173064820641915,0.0011471909178143436,3,1
IND400015AAA,0.0031466331025802393,0.0,3,2
IND400015AAB,0.0018879798615481437,0.0,1,2
IND400016AAA,0.0006293266205160479,0.0,0,1
IND400016AAB,0.0012586532410320957,0.0,0,2
IND400037AAA,0.0012586532410320957,0.0,1,1
IND400072AAJ,0.0018879798615481437,0.00039555459919243574,2,1
IND400064AAB,0.0012586532410320957,0.0,0,2
IND400072AAA,0.0012586532410320957,0.0,1,1
IND400701AAB,0.0018879798615481437,0.0,2,1
IND401104AAA,0.005034612964128383,0.0007871536523929471,4,4
IND421302AAR,0.005663939584644431,0.0015743073047858943,5,4
IND421302AAS,0.0006293266205160479,0.0,1,0
IND400072AAC,0.0006293266205160479,0.0,0,1
IND400072AAI,0.0006293266205160479,0.0,0,1
IND000000AFS,0.0006293266205160479,0.0,1,0
IND400102AAB,0.0012586532410320957,0.0,1,1
IND400102AAC,0.0018879798615481437,0.00039239016239889625,1,2
IND400052AAA,0.0006293266205160479,0.0,1,0
IND400612AAA,0.0012586532410320957,0.0,1,1
IND400705AAA,0.0006293266205160479,0.0,0,1
IND421302AAH,0.0012586532410320957,0.0,2,0
IND401208AAA,0.0006293266205160479,0.0,1,0
IND401209AAA,0.0012586532410320957,0.0,1,1
IND401104AAB,0.0018879798615481437,0.0,1,2
IND401209AAB,0.0018879798615481437,0.0,0,3
IND401501AAA,0.0012586532410320957,0.0,1,1
IND401602AAA,0.0012586532410320957,0.0,1,1
IND402107AAA,0.0012586532410320957,0.0,1,1
IND402109AAA,0.0012586532410320957,0.0,1,1
IND402301AAA,0.0012586532410320957,0.0,1,1
IND403401AAA,0.0012586532410320957,0.0,1,1
IND403726AAB,0.005663939584644431,1.2594458438287154e-05,4,5
IND403507AAA,0.0012586532410320957,0.0,1,1
IND403507AAB,0.0012586532410320957,0.0,1,1
IND403601AAA,0.0012586532410320957,0.0,1,1
IND403702AAA,0.0012586532410320957,0.0,1,1
IND575004AAB,0.008181246066708623,0.012931360201511335,6,7
IND403726AAA,0.0062932662051604785,0.0058117128463476084,4,6
IND416510AAA,0.0025173064820641915,0.0007871536523929471,2,2
IND581303AAA,0.0018879798615481437,0.00019678841309823678,1,2
IND581400AAB,0.0018879798615481437,0.00019678841309823678,2,1
IND403002AAA,0.0006293266205160479,0.0,1,0
IND410401AAA,0.0012586532410320957,0.0,1,1
IND410501AAF,0.0012586532410320957,0.0,1,1
IND410505AAB,0.0012586532410320957,0.00039357682619647357,1,1
IND411014AAA,0.0037759597230962874,0.0007871536523929471,3,3
IND411043AAA,0.0012586532410320957,0.0,1,1
IND411048AAA,0.0012586532410320957,0.0,1,1
IND411017AAA,0.0012586532410320957,0.0,1,1
IND412105AAC,0.0012586532410320957,0.0,1,1
IND411021AAA,0.0012586532410320957,0.0,1,1
IND411036AAA,0.0012586532410320957,0.0,1,1
IND413002AAA,0.005663939584644431,0.001496301921272288,5,4
IND413501AAA,0.0025173064820641915,0.00039357682619647357,2,2
IND414001AAA,0.0025173064820641915,0.0011807304785894208,1,3
IND416012AAA,0.0062932662051604785,0.012237615449202351,5,5
IND431136AAC,0.0062932662051604785,0.002755037783375315,5,5
IND431603AAA,0.005034612964128383,0.009515113350125944,4,4
IND580028AAA,0.009439899307740718,0.011690806045340047,8,7
IND412210AAC,0.0012586532410320957,0.0,1,1
IND412803AAB,0.0012586532410320957,0.00039357682619647357,1,1
IND421802AAA,0.0012586532410320957,0.0,1,1
IND413304AAA,0.0025173064820641915,0.0007871536523929471,2,2
IND415301AAB,0.0012586532410320957,0.00039357682619647357,1,1
IND413307AAB,0.0012586532410320957,0.0,1,1
IND413307AAC,0.0006293266205160479,0.0,0,1
IND413401AAA,0.0012586532410320957,0.0,1,1
IND413517AAA,0.0025173064820641915,0.003598866498740554,2,2
IND431717AAA,0.0012586532410320957,0.0,1,1
IND413531AAA,0.0012586532410320957,0.0,1,1
IND413709AAA,0.0025173064820641915,0.0,2,2
IND423109AAA,0.0018879798615481437,0.000983942065491184,2,1
IND423701AAB,0.0018879798615481437,0.0,2,1
IND414203AAB,0.0012586532410320957,0.0,1,1
IND414302AAB,0.0025173064820641915,0.00039357682619647357,2,2
IND414502AAA,0.0012586532410320957,0.00039357682619647357,1,1
IND431107AAB,0.0012586532410320957,0.0,1,1
IND415003AAA,0.0018879798615481437,0.0013395106153292551,1,2
IND415124AAA,0.0012586532410320957,0.0007871536523929471,1,1
IND415605AAA,0.0012586532410320957,0.00039357682619647357,1,1
IND415408AAC,0.0012586532410320957,0.0,1,1
IND415409AAB,0.0012586532410320957,0.0011807304785894208,1,1
IND415709AAA,0.0012586532410320957,0.0,1,1
IND415612AAA,0.0012586532410320957,0.00039357682619647357,1,1
IND591237AAB,0.0012586532410320957,0.0019458438287153653,1,1
IND416404AAA,0.0018879798615481437,0.006413727959697733,2,1
IND416602AAC,0.0012586532410320957,0.0,1,1
IND416606AAA,0.0012586532410320957,0.0,1,1
IND421301AAA,0.0012586532410320957,0.0,1,1
IND421302AAF,0.0012586532410320957,0.0,1,1
IND421401AAC,0.0012586532410320957,0.00039357682619647357,1,1
IND422011AAD,0.0031466331025802393,0.0023614609571788415,2,3
IND444005AAB,0.0037759597230962874,0.005160579345088161,3,3
IND421302AAN,0.0006293266205160479,0.0,0,1
IND421004AAA,0.0006293266205160479,0.0,1,0
IND421601AAB,0.0012586532410320957,0.0,1,1
IND421502AAA,0.0006293266205160479,0.0,0,1
IND422103AAC,0.0012586532410320957,0.0005903652392947104,1,1
IND422605AAA,0.0012586532410320957,0.00019678841309823678,1,1
IND423105AAA,0.0025173064820641915,0.0,2,2
IND423106AAA,0.0018879798615481437,0.0,2,1
IND423301AAB,0.0006293266205160479,0.0,1,0
IND423601AAA,0.0018879798615481437,0.0005903652392947104,1,2
IND424006AAA,0.00881057268722467,0.0,5,9
IND424101AAA,0.0012586532410320957,0.0,1,1
IND424304AAC,0.0031466331025802393,0.0,3,2
IND425401AAA,0.0012586532410320957,0.0,1,1
IND425405AAA,0.0025173064820641915,0.0,2,2
IND425412AAA,0.004405286343612335,0.0,4,3
IND452001AAC,0.0018879798615481437,0.0,2,1
IND431103AAA,0.0006293266205160479,0.0,1,0
IND424201AAA,0.0012586532410320957,0.0,1,1
IND425109AAA,0.0012586532410320957,0.0,1,1
IND425201AAA,0.0012586532410320957,6.297229219143577e-06,1,1
IND425508AAB,0.0012586532410320957,3.1486146095717885e-06,1,1
IND425409AAA,0.004405286343612335,0.0,3,4
IND425406AAA,0.0031466331025802393,0.0,2,3
IND450331AAA,0.0012586532410320957,0.0,1,1
IND431001AAB,0.0006293266205160479,0.0,0,1
IND431112AAB,0.0018879798615481437,0.0,2,1
IND431122AAA,0.0012586532410320957,0.0011807304785894208,1,1
IND431127AAA,0.0012586532410320957,0.0007871536523929471,1,1
IND431131AAB,0.0006293266205160479,0.0,0,1
IND431001AAA,0.0006293266205160479,0.0,1,0
IND431203AAA,0.0018879798615481437,0.0,1,2
IND431514AAA,0.0012586532410320957,0.00716624685138539,1,1
IND431515AAA,0.0012586532410320957,0.006772670025188917,1,1
IND431517AAB,0.0012586532410320957,0.006379093198992443,1,1
IND431401AAA,0.0006293266205160479,0.0,1,0
IND431708AAA,0.0012586532410320957,0.007559823677581864,1,1
IND441206AAB,0.0006293266205160479,0.0,0,1
IND442605AAA,0.0012586532410320957,0.0,1,1
IND441614AAA,0.0006293266205160479,0.0,0,1
IND481001AAA,0.0006293266205160479,0.0,1,0
IND441904AAB,0.0006293266205160479,0.0,0,1
IND441912AAA,0.0012586532410320957,0.0,1,1
IND441107AAB,0.0006293266205160479,0.0,1,0
IND442001AAA,0.0006293266205160479,0.0,0,1
IND442101AAB,0.0012586532410320957,0.0,1,1
IND445001AAB,0.0006293266205160479,0.0,1,0
IND441603AAA,0.0006293266205160479,0.0,1,0
IND443201AAA,0.0012586532410320957,0.0,1,1
IND443301AAA,0.0012586532410320957,0.00039357682619647357,1,1
IND444602AAA,0.0006293266205160479,0.0,0,1
IND451666AAA,0.0012586532410320957,0.0,0,2
IND454001AAA,0.0006293266205160479,0.0,0,1
IND457001AAA,0.0018879798615481437,0.003237218839790894,1,2
IND457226AAA,0.0012586532410320957,0.0,1,1
IND458990AAA,0.0012586532410320957,0.0,1,1
IND460001AAA,0.0012586532410320957,0.0,1,1
IND480334AAA,0.0012586532410320957,0.0,1,1
IND461111AAA,0.0006293266205160479,0.0,0,1
IND462001AAA,0.0018879798615481437,0.0,2,1
IND462011AAA,0.0012586532410320957,0.0,1,1
IND462021AAA,0.0006293266205160479,0.0,0,1
IND461001AAA,0.0006293266205160479,0.0,1,0
IND462042AAA,0.0012586532410320957,0.0,1,1
IND465669AAB,0.0012586532410320957,0.0015743073047858943,1,1
IND466001AAA,0.0012586532410320957,0.00039357682619647357,1,1
IND842003AAB,0.008181246066708623,0.00983942065491184,5,8
IND464001AAA,0.0006293266205160479,0.0,0,1
IND464221AAA,0.0012586532410320957,0.0,1,1
IND470004AAA,0.0018879798615481437,0.0,1,2
IND464668AAA,0.0012586532410320957,0.003177094540713644,1,1
IND465001AAA,0.0025173064820641915,0.0007871536523929471,1,3
IND465333A1B,0.0018879798615481437,0.0,1,2
IND465333AAA,0.0018879798615481437,0.0,2,1
IND465683AAA,0.0012586532410320957,0.0011807304785894208,1,1
IND466116AAA,0.0012586532410320957,0.0,1,1
IND470113AAA,0.0018879798615481437,0.0,2,1
IND470117AAA,0.0012586532410320957,0.0,1,1
IND470227AAB,0.0006293266205160479,0.0,1,0
IND471001AAA,0.0018879798615481437,0.00039042821158690176,2,1
IND473001AAA,0.0012586532410320957,0.0,1,1
IND473331AAA,0.0012586532410320957,0.0,1,1
IND473226AAA,0.0018879798615481437,0.0,1,2
IND473443AAA,0.0006293266205160479,0.0,0,1
IND473551AAA,0.0006293266205160479,0.0,1,0
IND475661AAB,0.0006293266205160479,0.0,1,0
IND476001AAA,0.0006293266205160479,0.0,1,0
IND476111AAA,0.0018879798615481437,0.0007816158880042531,1,2
IND477001AAA,0.0012586532410320957,0.001604219143576827,1,1
IND477001AAB,0.0012586532410320957,0.0016122805463083688,1,1
IND480001AAA,0.0025173064820641915,0.0,2,2
IND480661AAA,0.0031466331025802393,0.0005856423173803526,3,2
IND481661AAA,0.0018879798615481437,0.003208438287153653,2,1
IND480106AAA,0.0006293266205160479,0.0,1,0
IND480886AAA,0.0018879798615481437,0.00019521410579345088,1,2
IND482002AAA,0.0012586532410320957,0.0,1,1
IND483225AAA,0.0012586532410320957,0.0,1,1
IND483501AAA,0.0018879798615481437,0.00039357682619647357,2,1
IND483770AAA,0.0012586532410320957,0.0,1,1
IND484001AAA,0.0025173064820641915,0.0007871536523929471,2,2
IND484224AAA,0.0006293266205160479,0.0,1,0
IND484446AAA,0.0012586532410320957,0.0,1,1
IND484551AAA,0.0012586532410320957,0.0,1,1
IND484661AAE,0.0018879798615481437,0.0015743073047858943,1,2
IND485771AAA,0.0018879798615481437,0.0,1,2
IND486001AAA,0.0018879798615481437,0.0,2,1
IND486771AAA,0.0025173064820641915,0.00039357682619647357,3,1
IND488001AAA,0.0012586532410320957,0.0,1,1
IND486661AAA,0.0012586532410320957,0.0,1,1
IND486889AAA,0.0018879798615481437,6.297229219143577e-06,1,2
IND487001AAA,0.0012586532410320957,0.0019726070528967255,1,1
IND487551AAA,0.0018879798615481437,0.0035516372795969774,2,1
IND487001AAB,0.0012586532410320957,0.0019726070528967255,1,1
IND492001AAB,0.0006293266205160479,0.0,0,1
IND492007AAA,0.0006293266205160479,0.0,1,0
IND493118AAC,0.0006293266205160479,0.0,0,1
IND495334AAB,0.0012586532410320957,0.0,1,1
IND494334AAB,0.0006293266205160479,0.0,0,1
IND493445AAB,0.0006293266205160479,0.0,1,0
IND495004AAA,0.0006293266205160479,0.0,0,1
IND495671AAA,0.0006293266205160479,0.0,1,0
IND491995AAB,0.0006293266205160479,0.0,1,0
IND495677AAA,0.0006293266205160479,0.0,0,1
IND496001AAA,0.0006293266205160479,0.0,1,0
IND500008AAC,0.0018879798615481437,0.00039357682619647357,1,2
IND500084AAB,0.0006293266205160479,0.0,1,0
IND500008AAD,0.0006293266205160479,0.0,0,1
IND500008AAF,0.0006293266205160479,0.0,0,1
IND500039AAC,0.005663939584644431,0.001967884130982368,5,4
IND500010AAA,0.0031466331025802393,0.0007847803247977925,3,2
IND500055AAA,0.0018879798615481437,0.00039357682619647357,1,2
IND500010AAB,0.0012586532410320957,0.0,1,1
IND500018AAA,0.0006293266205160479,0.0,0,1
IND500080AAB,0.0018879798615481437,0.0,2,1
IND500032AAA,0.0006293266205160479,0.0,0,1
IND502295AAA,0.0012586532410320957,0.0,1,1
IND500035AAA,0.0012586532410320957,0.0,1,1
IND500039AAB,0.0006293266205160479,0.0,0,1
IND501301AAC,0.0012586532410320957,0.0,1,1
IND500035AAD,0.0006293266205160479,0.0,1,0
IND508116AAA,0.0018879798615481437,0.0007871536523929471,1,2
IND500039AAD,0.0012586532410320957,0.0,1,1
IND500050AAA,0.0025173064820641915,0.0,2,2
IND501218AAC,0.0012586532410320957,0.0,2,0
IND501401AAC,0.0018879798615481437,0.0,2,1
IND500055AAC,0.0006293266205160479,0.0,0,1
IND501101AAB,0.0018879798615481437,0.00039357682619647357,1,2
IND509216AAC,0.0012586532410320957,0.0,1,1
IND501141AAA,0.0012586532410320957,0.0007871536523929471,1,1
IND503111AAC,0.0037759597230962874,0.001967884130982368,3,3
IND505001AAB,0.009439899307740718,0.007887279596977331,8,7
IND506002AAA,0.0037759597230962874,0.007106423173803527,3,3
IND508252AAB,0.0012586532410320957,0.00039357682619647357,1,1
IND509001AAA,0.0012586532410320957,0.0007871536523929471,1,1
IND509358AAA,0.0018879798615481437,0.0011807304785894208,1,2
IND515004AAA,0.005034612964128383,0.004722921914357683,4,4
IND518002AAA,0.010069225928256766,0.011841939546599496,9,7
IND523002AAA,0.005034612964128383,0.00957965994962217,3,5
IND533106AAA,0.010069225928256766,0.0031884036408595597,8,8
IND585104AAA,0.0062932662051604785,0.010286523929471034,5,5
IND501359AAG,0.0006293266205160479,0.0,0,1
IND502110AAA,0.0012586532410320957,0.00039357682619647357,1,1
IND502313AAA,0.0012586532410320957,0.0,1,1
IND502220AAC,0.0012586532410320957,0.006366498740554156,1,1
IND502286AAB,0.0012586532410320957,0.00676007556675063,1,1
IND503185AAA,0.0012586532410320957,0.0015743073047858943,1,1
IND503122AAA,0.0012586532410320957,0.0007871536523929471,1,1
IND503187AAA,0.0012586532410320957,0.0011807304785894208,1,1
IND504201AAA,0.0012586532410320957,0.0,1,1
IND505184AAC,0.0025173064820641915,0.0,2,2
IND504208AAB,0.0031466331025802393,0.0011712846347607052,3,2
IND504251AAA,0.0018879798615481437,0.0007847803247977925,1,2
IND504215AAA,0.0012586532410320957,0.0,0,2
IND505326AAB,0.0012586532410320957,0.0,1,1
IND504293AAA,0.0025173064820641915,0.0032068639798488664,2,2
IND504296AAA,0.0018879798615481437,1.5743073047858942e-06,1,2
IND505001AAA,0.0006293266205160479,0.0,0,1
IND505302AAB,0.0025173064820641915,0.0011961571079579258,2,2
IND505172AAA,0.0006293266205160479,0.0,1,0
IND505209AAA,0.0025173064820641915,0.00039357682619647357,2,2
IND505122AAA,0.0018879798615481437,0.0,2,1
IND505325AAA,0.0012586532410320957,0.0,1,1
IND505327AAA,0.0018879798615481437,0.0003998740554156171,2,1
IND505326AAA,0.0006293266205160479,0.0,0,1
IND505425AAA,0.0012586532410320957,0.0,2,0
IND505467AAA,0.0012586532410320957,0.0,1,1
IND505503AAA,0.0012586532410320957,0.00039357682619647357,1,1
IND506164AAA,0.0006293266205160479,0.0,1,0
IND506001AAC,0.0012586532410320957,0.0,0,2
IND506132AAA,0.0012586532410320957,0.0011771704871966888,1,1
IND506143AAA,0.0012586532410320957,0.003576826196473552,1,1
IND506343AAA,0.0012586532410320957,0.0011807304785894208,1,1
IND506167AAB,0.0012586532410320957,0.003183249370277078,1,1
IND506169AAB,0.0012586532410320957,0.0007871536523929471,1,1
IND506314AAA,0.0012586532410320957,0.003205289672544081,1,1
IND507002AAA,0.0062932662051604785,0.005941435768261965,4,6
IND507117AAB,0.0018879798615481437,0.003605163727959698,2,1
IND507159AAA,0.0025173064820641915,0.0,2,2
IND507167AAA,0.0006293266205160479,0.0,1,0
IND508001AAA,0.0018879798615481437,0.0031926952141057936,2,1
IND508206AAA,0.0025173064820641915,0.0,2,2
IND508213AAB,0.0012586532410320957,0.0,1,1
IND507111AAA,0.0006293266205160479,0.0,0,1
IND507303AAA,0.0012586532410320957,0.003211586901763224,1,1
IND508223AAA,0.0018879798615481437,0.0,2,1
IND508277AAB,0.0012586532410320957,0.0,1,1
IND508207AAB,0.0012586532410320957,0.0,1,1
IND508248AAB,0.0018879798615481437,0.00039357682619647357,2,1
IND508377AAB,0.0012586532410320957,0.0,1,1
IND509203AAA,0.0012586532410320957,0.00039357682619647357,1,1
IND509103AAB,0.0025173064820641915,0.00039357682619647357,2,2
IND509103AAC,0.0012586532410320957,0.0,1,1
IND509124AAA,0.0031466331025802393,0.0,2,3
IND584101AAA,0.0031466331025802393,0.0011807304785894208,2,3
IND509301AAA,0.0012586532410320957,0.0,1,1
IND509324AAA,0.0012586532410320957,0.0,1,1
IND515401AAB,0.0012586532410320957,0.0011807304785894208,1,1
IND515671AAA,0.0018879798615481437,0.002755037783375315,1,2
IND515134AAA,0.0031466331025802393,0.0011807304785894208,3,2
IND515201AAA,0.0018879798615481437,0.0007871536523929471,1,2
IND515591AAA,0.0018879798615481437,0.0007871536523929471,2,1
IND515301AAA,0.0012586532410320957,0.00039357682619647357,1,1
IND561202AAB,0.0012586532410320957,0.0,1,1
IND515801AAA,0.0018879798615481437,0.0007871536523929471,1,2
IND516269AAA,0.0012586532410320957,0.00039357682619647357,1,1
IND515761AAA,0.0018879798615481437,0.0,2,1
IND515865AAB,0.0012586532410320957,0.0,1,1
IND516101AAA,0.0012586532410320957,0.0,1,1
IND516115AAA,0.0012586532410320957,0.0,1,1
IND517501AAB,0.0025173064820641915,0.0,2,2
IND516390AAA,0.0012586532410320957,0.0,1,1
IND517325AAA,0.0006293266205160479,0.0,0,1
IND517408AAA,0.0006293266205160479,0.0,1,0
IND517583AAA,0.0012586532410320957,0.0,1,1
IND517644AAA,0.0012586532410320957,0.0,1,1
IND524132AAA,0.0012586532410320957,0.0,1,1
IND518401AAA,0.0012586532410320957,0.0007871536523929471,1,1
IND518501AAA,0.0012586532410320957,0.0011712846347607052,1,1
IND518102AAA,0.0012586532410320957,0.0,1,1
IND518124AAA,0.0018879798615481437,0.0007777078085642317,1,2
IND518206AAA,0.0012586532410320957,0.00038922572560535677,1,1
IND518222AAA,0.0012586532410320957,0.003227725529410276,1,1
IND518422AAB,0.0012586532410320957,0.00039357682619647357,1,1
IND520011AAA,0.0012586532410320957,0.0,1,1
IND521185AAA,0.0025173064820641915,0.00039357682619647357,2,2
IND521001AAA,0.0025173064820641915,0.003211586901763224,2,2
IND521165AAA,0.0018879798615481437,0.0,2,1
IND521105AAA,0.0018879798615481437,0.0007871536523929471,1,2
IND521333AAA,0.0018879798615481437,0.0,2,1
IND534001AAA,0.0012586532410320957,0.0,1,1
IND521201AAA,0.0012586532410320957,0.0011807304785894208,1,1
IND521301AAA,0.0012586532410320957,0.0,1,1
IND522647AAA,0.0012586532410320957,0.00039239016239889625,1,1
IND523201AAA,0.0012586532410320957,0.003211586901763224,1,1
IND523105AAA,0.0018879798615481437,0.00039042821158690176,2,1
IND523226AAA,0.0012586532410320957,0.0,1,1
IND523230AAA,0.0012586532410320957,0.0,1,1
IND523316AAB,0.0018879798615481437,0.0007808564231738035,2,1
IND524201AAA,0.0012586532410320957,0.0,1,1
IND524003AAA,0.0012586532410320957,0.0,1,1
IND524101AAB,0.0012586532410320957,0.0,1,1
IND530012AAA,0.01195720578980491,0.008857892527287992,9,10
IND530043AAA,0.0018879798615481437,0.00039357682619647357,1,2
IND531001AAA,0.0025173064820641915,0.00039357682619647357,2,2
IND531162AAA,0.0012586532410320957,0.0,2,0
IND532001AAB,0.005663939584644431,0.0035421914357682623,5,4
IND535001AAA,0.0018879798615481437,0.0,2,1
IND764001AAC,0.0018879798615481437,0.0011807304785894208,2,1
IND764020AAC,0.0012586532410320957,0.0,1,1
IND530012AAC,0.0012586532410320957,0.0,0,2
IND530018AAA,0.0006293266205160479,0.0,0,1
IND530026AAA,0.0006293266205160479,0.0,0,1
IND531036AAA,0.0012586532410320957,0.0,1,1
IND531163AAA,0.0012586532410320957,0.0,1,1
IND531116AAA,0.0012586532410320957,0.0,1,1
IND532127AAA,0.0012586532410320957,0.0015743073047858943,1,1
IND532201AAA,0.0018879798615481437,0.0007871536523929471,2,1
IND532421AAA,0.0012586532410320957,0.0,1,1
IND535591AAA,0.0012586532410320957,0.0011807304785894208,1,1
IND532222AAA,0.0018879798615481437,0.00039357682619647357,1,2
IND761200AAA,0.0012586532410320957,0.0,1,1
IND532440AAA,0.0012586532410320957,0.0,1,1
IND533003AAA,0.0025173064820641915,0.00039357682619647357,2,2
IND533401AAA,0.0018879798615481437,0.0,1,2
IND533201AAA,0.0031466331025802393,0.0,3,2
IND533242AAA,0.0018879798615481437,0.0,2,1
IND533262AAA,0.0025173064820641915,0.0,2,2
IND533308AAB,0.0025173064820641915,0.0,2,2
IND534260AAC,0.0012586532410320957,0.0,1,1
IND535501AAB,0.0018879798615481437,0.00039357682619647357,1,2
IND535558AAA,0.0012586532410320957,0.0007871536523929471,1,1
IND560002AAA,0.0031466331025802393,0.0,3,2
IND560099AAB,0.016362492133417245,0.001820948782535684,11,15
IND560027AAA,0.0006293266205160479,0.0,0,1
IND560099AAA,0.0006293266205160479,0.0,1,0
IND560043AAC,0.004405286343612335,0.00039357682619647357,4,3
IND560064AAA,0.0006293266205160479,0.0,1,0
IND560048AAB,0.0037759597230962874,0.0,4,2
IND560058AAB,0.0037759597230962874,1.049538203190596e-06,3,3
IND560060AAB,0.0031466331025802393,0.0,3,2
IND560058AAD,0.0018879798615481437,0.0,2,1
IND560064AAD,0.0006293266205160479,0.0,0,1
IND560067AAC,0.0012586532410320957,0.0,1,1
IND562114AAA,0.0018879798615481437,0.0,1,2
IND560077AAA,0.0006293266205160479,0.0,0,1
IND560078AAC,0.0031466331025802393,0.0,3,2
IND560083AAB,0.0025173064820641915,0.0,2,2
IND560085AAA,0.0025173064820641915,0.0,3,1
IND000000ACS,0.0025173064820641915,0.0,4,0
IND560300AAA,0.010069225928256766,0.005933564231738036,4,12
IND632006AAA,0.005034612964128383,0.005160579345088161,3,5
IND635001AAA,0.0025173064820641915,0.00039357682619647357,2,2
IND683511AAB,0.0006293266205160479,0.0,1,0
IND560099AAG,0.0006293266205160479,0.0,0,1
IND563101AAB,0.0025173064820641915,0.0007840050377833753,2,2
IND563130AAA,0.0018879798615481437,0.0,2,1
IND563131AAB,0.0037759597230962874,0.0007808564231738035,3,3
IND560300AAB,0.0031466331025802393,7.87153652392947e-06,2,3
IND563116AAA,0.0018879798615481437,0.0,2,1
IND561203AAB,0.0012586532410320957,0.0011870277078085644,1,1
IND562101AAA,0.0012586532410320957,0.0007903022670025189,1,1
IND561207AAB,0.0012586532410320957,0.00039357682619647357,1,1
IND562108AAA,0.0012586532410320957,0.0,1,1
IND572101AAA,0.0018879798615481437,0.0015837531486146096,2,1
IND562117AAA,0.0012586532410320957,0.0,1,1
IND562125AAA,0.0006293266205160479,0.0,0,1
IND560066AAB,0.0006293266205160479,0.0,1,0
IND570020AAA,0.0037759597230962874,0.0027896725440806048,3,3
IND573201AAB,0.005663939584644431,0.015123425692695217,4,5
IND577002AAA,0.004405286343612335,0.0011807304785894208,4,3
IND577501AAA,0.0018879798615481437,0.0,2,1
IND577598AAC,0.0012586532410320957,0.0,1,1
IND583101AAA,0.0031466331025802393,0.005554156171284635,3,2
IND562159AAA,0.0006293266205160479,0.0,0,1
IND563125AAB,0.0025173064820641915,0.0,2,2
IND563131AAA,0.0012586532410320957,0.0,1,1
IND571301AAA,0.0012586532410320957,0.0011996221662468514,1,1
IND571430AAA,0.0018879798615481437,0.00039555459919243574,2,1
IND571602AAA,0.0006293266205160479,0.0,1,0
IND571104AAA,0.0012586532410320957,0.003598866498740554,1,1
IND577598AAB,0.0012586532410320957,0.0032052896725440812,1,1
IND571105AAA,0.0006293266205160479,0.0,0,1
IND571213AAA,0.0012586532410320957,0.0,1,1
IND571111AAB,0.0012586532410320957,0.0007997481108312342,1,1
IND571313AAB,0.0012586532410320957,0.0003998740554156171,1,1
IND571114AAA,0.0012586532410320957,0.0,1,1
IND571124AAA,0.0012586532410320957,1.8986620761236916e-05,1,1
IND571440AAA,0.0012586532410320957,0.0,1,1
IND571401AAA,0.0012586532410320957,0.0,1,1
IND562160AAB,0.0006293266205160479,0.0,1,0
IND571426AAA,0.0018879798615481437,0.003992443324937028,2,1
IND571432AAB,0.0012586532410320957,0.0,1,1
IND571438AAB,0.0006293266205160479,0.0,0,1
IND572201AAB,0.0025173064820641915,0.00339735516372796,2,2
IND577116AAA,0.0025173064820641915,6.297229219143577e-06,3,1
IND573103AAA,0.0018879798615481437,0.00019619508119944813,1,2
IND573116AAA,0.0025173064820641915,0.0019521410579345089,1,3
IND573142AAA,0.0018879798615481437,0.003202141057934509,2,1
IND573134AAB,0.0025173064820641915,0.0007808564231738035,2,2
IND577101AAA,0.0025173064820641915,0.00039357682619647357,2,2
IND574104AAA,0.0012586532410320957,0.0,1,1
IND574216AAA,0.0025173064820641915,0.0,2,2
IND574117AAA,0.0018879798615481437,0.000983942065491184,1,2
IND576101AAA,0.0018879798615481437,0.000983942065491184,2,1
IND576201AAA,0.0018879798615481437,0.0015743073047858943,2,1
IND574202AAA,0.0012586532410320957,0.0007871536523929471,1,1
IND574239AAA,0.0012586532410320957,0.00039357682619647357,1,1
IND574211AAA,0.0018879798615481437,0.0015743073047858943,1,2
IND574221AAA,0.0012586532410320957,0.0,1,1
IND574227AAA,0.0012586532410320957,0.00039357682619647357,1,1
IND575014AAA,0.0012586532410320957,5.0377833753148616e-05,1,1
IND671323AAD,0.0012586532410320957,0.00039357682619647357,1,1
IND581320AAA,0.0025173064820641915,0.0011807304785894208,2,2
IND581110AAE,0.0025173064820641915,0.00039357682619647357,2,2
IND581115AAC,0.0012586532410320957,0.0,1,1
IND577132AAD,0.0012586532410320957,0.0,1,1
IND577126AAA,0.0012586532410320957,0.0,1,1
IND577201AAA,0.0031466331025802393,0.0007871536523929471,3,2
IND577432AAA,0.0012586532410320957,0.00039357682619647357,1,1
IND577401AAA,0.0018879798615481437,0.0,1,2
IND577522AAA,0.0012586532410320957,0.0031958438287153657,1,1
IND577535AAC,0.0012586532410320957,0.003589420654911839,1,1
IND580002AAA,0.0018879798615481437,0.0,2,1
IND581402AAA,0.0018879798615481437,0.0015743073047858943,1,2
IND590016AAA,0.0018879798615481437,0.00039357682619647357,2,1
IND591115AAB,0.0012586532410320957,0.0,1,1
IND591123AAC,0.0012586532410320957,0.0011712846347607052,1,1
IND581119AAB,0.0012586532410320957,0.0,1,1
IND581325AAA,0.0018879798615481437,0.0,2,1
IND581314AAA,0.0025173064820641915,0.0,2,2
IND581334AAA,0.0031466331025802393,0.0007871536523929471,2,3
IND581343AAC,0.0012586532410320957,0.0,1,1
IND582101AAB,0.0018879798615481437,0.0032084382871536525,2,1
IND582209AAA,0.0012586532410320957,0.0,1,1
IND583201AAA,0.0031466331025802393,0.0011775818639798488,2,3
IND583119AAA,0.0012586532410320957,0.0,1,1
IND583227AAA,0.0012586532410320957,0.00039357682619647357,1,1
IND583231AAA,0.0012586532410320957,0.0,1,1
IND584123AAA,0.0012586532410320957,0.0007911091983848715,1,1
IND584128AAA,0.0012586532410320957,0.00039672544080604537,1,1
IND583121AAA,0.0006293266205160479,0.0,1,0
IND585211AAA,0.0025173064820641915,0.00019521410579345088,2,2
IND585307AAB,0.0025173064820641915,0.00019619508119944813,2,2
IND585314AAA,0.0025173064820641915,0.00019521410579345088,2,2
IND585330AAE,0.0012586532410320957,0.007547229219143577,1,1
IND586128AAA,0.0025173064820641915,0.00019619508119944813,2,2
IND585222AAA,0.0025173064820641915,1.5743073047858942e-06,2,2
IND586211AAA,0.0025173064820641915,1.5743073047858942e-06,2,2
IND585401AAA,0.0012586532410320957,0.007153652392947104,1,1
IND586101AAA,0.0012586532410320957,0.0017962846347607054,1,1
IND586101AAB,0.0012586532410320957,0.0018053111907142768,1,1
IND587103AAB,0.0018879798615481437,0.0007847803247977925,1,2
IND591302AAB,0.0012586532410320957,0.0,1,1
IND591102AAA,0.0012586532410320957,0.0032210327455919397,1,1
IND591307AAC,0.0018879798615481437,0.003217884130982368,1,2
IND591126AAA,0.0006293266205160479,0.0,0,1
IND591201AAA,0.0012586532410320957,0.0015632317760085061,1,1
IND591304AAA,0.0018879798615481437,0.004376574307304786,1,2
IND600004AAA,0.0012586532410320957,0.0,1,1
IND600008AAC,0.0031466331025802393,0.00039357682619647357,3,2
IND600008AAA,0.0006293266205160479,0.0,0,1
IND600016AAA,0.0006293266205160479,0.0,0,1
IND600119AAA,0.0018879798615481437,0.0,2,1
IND600016AAB,0.0006293266205160479,0.0,0,1
IND600016AAC,0.0025173064820641915,0.00039357682619647357,2,2
IND600032AAB,0.004405286343612335,4.722921914357683e-06,3,4
IND600044AAD,0.0062932662051604785,0.004773299748110831,5,5
IND600076AAB,0.0025173064820641915,0.0,2,2
IND600048AAA,0.0018879798615481437,0.0,2,1
IND603001AAA,0.0012586532410320957,0.00039357682619647357,1,1
IND603203AAA,0.0018879798615481437,0.0,1,2
IND600044AAE,0.0012586532410320957,0.0,1,1
IND600056AAA,0.0012586532410320957,0.00039357682619647357,1,1
IND602105AAB,0.0006293266205160479,0.0,1,0
IND600110AAA,0.0018879798615481437,0.00039357682619647357,1,2
IND600116AAB,0.004405286343612335,0.00477015113350126,4,3
IND605010AAB,0.0031466331025802393,0.003935768261964736,2,3
IND605601AAA,0.0037759597230962874,0.005547858942065492,3,3
IND631501AAA,0.0018879798615481437,0.00039357682619647357,1,2
IND635802AAB,0.0031466331025802393,0.00039357682619647357,3,2
IND600083AAA,0.0006293266205160479,0.0,0,1
IND600056AAD,0.0006293266205160479,0.0,1,0
IND602024AAA,0.0018879798615481437,0.00039239016239889625,1,2
IND602001AAA,0.0012586532410320957,0.0,1,1
IND602001AAB,0.0006293266205160479,0.0,0,1
IND609001AAA,0.0012586532410320957,0.0,1,1
IND603301AAA,0.0012586532410320957,0.0,1,1
IND603102AAA,0.0012586532410320957,0.0,1,1
IND604303AAA,0.0012586532410320957,0.00039357682619647357,1,1
IND607001AAA,0.0012586532410320957,0.002755037783375315,1,1
IND607106AAA,0.0012586532410320957,0.001564861460957179,1,1
IND636102AAA,0.0012586532410320957,0.0,1,1
IND606003AAA,0.0012586532410320957,0.0007847803247977925,1,1
IND606105AAA,0.0012586532410320957,0.0036020151133501262,1,1
IND606201AAC,0.0012586532410320957,0.0032084382871536525,1,1
IND606801AAB,0.0012586532410320957,0.003208438287153653,1,1
IND606803AAA,0.0012586532410320957,0.0036020151133501262,1,1
IND608001AAA,0.0012586532410320957,0.0023614609571788415,1,1
IND607801AAA,0.0012586532410320957,0.0011712846347607052,1,1
IND609110AAA,0.0012586532410320957,0.001967884130982368,1,1
IND608301AAA,0.0012586532410320957,0.0,1,1
IND639104AAB,0.0012586532410320957,0.0,1,1
IND614018AAA,0.0012586532410320957,3.1486146095717885e-06,1,1
IND609602AAA,0.0012586532410320957,0.0015743073047858943,1,1
IND611001AAA,0.0012586532410320957,0.0011807304785894208,1,1
IND610001AAA,0.0025173064820641915,0.0007871536523929471,2,2
IND614715AAA,0.0012586532410320957,0.00039357682619647357,1,1
IND613104AAA,0.0006293266205160479,0.0,1,0
IND614602AAA,0.0006293266205160479,0.0,0,1
IND614804AAA,0.0012586532410320957,0.0,1,1
IND614616AAA,0.0012586532410320957,0.0,1,1
IND630002AAA,0.0012586532410320957,0.0,1,1
IND614620AAA,0.0012586532410320957,0.0,1,1
IND630561AAA,0.0018879798615481437,0.0,1,2
IND614809AAA,0.0012586532410320957,0.0,1,1
IND620020AAA,0.0006293266205160479,0.0,0,1
IND621112AAA,0.0012586532410320957,0.0,1,1
IND621010AAA,0.0012586532410320957,0.0,1,1
IND621212AAA,0.0018879798615481437,0.0,2,1
IND620012AAA,0.0012586532410320957,0.0,2,0
IND621211AAA,0.0006293266205160479,0.0,0,1
IND621704AAA,0.0012586532410320957,0.0,1,1
IND621306AAA,0.0006293266205160479,0.0,0,1
IND625106AAA,0.0012586532410320957,0.0,1,1
IND621802AAA,0.0018879798615481437,0.0,1,2
IND622407AAA,0.0012586532410320957,0.0,1,1
IND622001AAA,0.0006293266205160479,0.0,1,0
IND623315AAB,0.0012586532410320957,3.1486146095717885e-06,1,1
IND623407AAA,0.0012586532410320957,6.297229219143577e-06,1,1
IND623503AAA,0.0012586532410320957,2.5188916876574308e-05,1,1
IND623526AAA,0.0012586532410320957,2.204030226700252e-05,1,1
IND623704AAA,0.0012586532410320957,1.8891687657430733e-05,1,1
IND623701AAA,0.0012586532410320957,2.8337531486146096e-05,1,1
IND626607AAB,0.0012586532410320957,1.574307304785894e-05,1,1
IND624001AAA,0.0018879798615481437,0.0,1,2
IND624619AAA,0.0012586532410320957,1.2594458438287154e-05,1,1
IND625008AAA,0.0037759597230962874,3.4634760705289674e-05,5,1
IND624101AAA,0.0012586532410320957,6.297229219143577e-06,1,1
IND624202AAA,0.0012586532410320957,3.1486146095717885e-06,1,1
IND625218AAA,0.0006293266205160479,0.0,1,0
IND624601AAA,0.0012586532410320957,9.445843828715366e-06,1,1
IND626123AAA,0.0012586532410320957,2.5188916876574308e-05,1,1
IND625516AAA,0.0012586532410320957,0.0,1,1
IND685514AAA,0.0018879798615481437,0.0,2,1
IND625531AAA,0.0012586532410320957,0.0,1,1
IND625532AAA,0.0012586532410320957,0.0,0,2
IND626117AAA,0.0012586532410320957,6.297229219143577e-06,1,1
IND626138AAA,0.0012586532410320957,0.0,1,1
IND627756AAA,0.0012586532410320957,1.574307304785894e-05,1,1
IND627005AAA,0.004405286343612335,2.5315494348315888e-05,3,4
IND627117AAA,0.0012586532410320957,0.0,1,1
IND627811AAA,0.0012586532410320957,6.297229219143577e-06,1,1
IND628801AAA,0.0012586532410320957,1.8891687657430733e-05,1,1
IND629001AAA,0.0012586532410320957,0.0,2,0
IND627401AAA,0.0012586532410320957,0.0,1,1
IND627657AAA,0.0012586532410320957,6.297229219143577e-06,1,1
IND628613AAA,0.0012586532410320957,0.0,1,1
IND628204AAA,0.0012586532410320957,1.2594458438287154e-05,1,1
IND629179AAA,0.0006293266205160479,0.0,0,1
IND631003AAA,0.0012586532410320957,0.0,1,1
IND631102AAA,0.0012586532410320957,0.0,1,1
IND632301AAA,0.0012586532410320957,0.0007847803247977925,1,1
IND632402AAA,0.0012586532410320957,0.00039357682619647357,1,1
IND636705AAB,0.0025173064820641915,0.0,2,2
IND635601AAB,0.0012586532410320957,0.0,1,1
IND636005AAA,0.0012586532410320957,0.0,0,2
IND636005AAC,0.0006293266205160479,0.0,1,0
IND636016AAA,0.0018879798615481437,0.0,1,2
IND636402AAA,0.0012586532410320957,0.0,2,0
IND637211AAA,0.0012586532410320957,0.0,1,1
IND636352AAA,0.0006293266205160479,0.0,0,1
IND637301AAA,0.0006293266205160479,0.0,0,1
IND638001AAA,0.0012586532410320957,0.0,1,1
IND637408AAA,0.0006293266205160479,0.0,0,1
IND637001AAA,0.0006293266205160479,0.0,1,0
IND638052AAA,0.0006293266205160479,0.0,1,0
IND638401AAA,0.0012586532410320957,1.574307304785894e-05,1,1
IND638452AAA,0.0012586532410320957,6.297229219143577e-06,1,1
IND638501AAB,0.0012586532410320957,0.0,1,1
IND641062AAD,0.008181246066708623,0.0001385390428211587,7,6
IND638657AAA,0.0012586532410320957,9.445843828715366e-06,1,1
IND638701AAA,0.0012586532410320957,0.0,1,1
IND641607AAA,0.0031466331025802393,3.7783375314861465e-05,2,3
IND639001AAA,0.0006293266205160479,0.0,0,1
IND641001AAA,0.0012586532410320957,0.0,1,1
IND641006AAD,0.0006293266205160479,0.0,0,1
IND641008AAA,0.0012586532410320957,6.297229219143577e-06,1,1
IND641011AAA,0.0006293266205160479,0.0,0,1
IND642126AAA,0.0012586532410320957,6.328873587078972e-06,1,1
IND643217AAA,0.0018879798615481437,1.8891687657430733e-05,2,1
IND643231AAA,0.0012586532410320957,0.0,1,1
IND641654AAA,0.0012586532410320957,0.0,1,1
IND641664AAA,0.0018879798615481437,1.8891687657430733e-05,2,1
IND642001AAA,0.0012586532410320957,4.7229219143576825e-05,1,1
IND643001AAA,0.0012586532410320957,9.445843828715366e-06,1,1
IND643212AAA,0.0012586532410320957,0.0,1,1
IND670645AAB,0.0018879798615481437,0.0,2,1
IND673592AAA,0.0031466331025802393,0.0,2,3
IND671315AAA,0.0006293266205160479,0.0,0,1
IND000000ACO,0.0006293266205160479,0.0,1,0
IND673104AAA,0.0018879798615481437,0.0,2,1
IND673305AAA,0.0012586532410320957,0.0,1,1
IND673506AAA,0.0012586532410320957,0.0,1,1
IND673121AAA,0.0012586532410320957,0.0,1,1
IND670643AAA,0.0006293266205160479,0.0,1,0
IND673573AAA,0.0006293266205160479,0.0,0,1
IND676306AAA,0.0006293266205160479,0.0,0,1
IND676509AAA,0.0012586532410320957,0.0,1,1
IND679322AAA,0.0012586532410320957,0.0,1,1
IND678683AAA,0.0012586532410320957,0.00039357682619647357,1,1
IND679303AAA,0.0012586532410320957,0.0007871536523929471,1,1
IND679531AAA,0.0012586532410320957,0.00039357682619647357,1,1
IND673639AAA,0.0012586532410320957,0.0,2,0
IND679329AAA,0.0006293266205160479,0.0,0,1
IND680587AAA,0.0018879798615481437,0.0,1,2
IND680012AAA,0.0012586532410320957,0.0011807304785894208,1,1
IND68004AAA,0.0025173064820641915,0.0007871536523929471,2,2
IND680104AAA,0.0012586532410320957,0.00039357682619647357,1,1
IND679576AAA,0.0006293266205160479,0.0,1,0
IND680307AAA,0.0018879798615481437,0.0,1,2
IND680712AAA,0.0012586532410320957,0.0,1,1
IND000000ADM,0.0006293266205160479,0.0,1,0
IND686028AAB,0.0031466331025802393,0.0023709068010075566,3,2
IND683572AAA,0.0006293266205160479,0.0,0,1
IND686632AAA,0.0012586532410320957,0.00039672544080604537,1,1
IND689101AAA,0.0018879798615481437,0.0011807304785894208,1,2
IND686507AAA,0.0018879798615481437,0.0,1,2
IND686513AAA,0.0018879798615481437,0.0,1,2
IND686540AAA,0.0018879798615481437,0.0,2,1
IND686141AAA,0.0006293266205160479,0.0,1,0
IND688009AAA,0.0012586532410320957,1.2594458438287154e-05,1,1
IND688524AAA,0.0006293266205160479,0.0,0,1
IND689650AAA,0.0012586532410320957,0.0,1,1
IND690548AAA,0.0018879798615481437,0.0004093198992443325,2,1
IND689503AAB,0.0012586532410320957,0.003217884130982368,1,1
IND689645AAA,0.0012586532410320957,0.0,1,1
IND691551AAA,0.0012586532410320957,0.0,1,1
IND690537AAA,0.0006293266205160479,0.0,0,1
IND691001AAB,0.0037759597230962874,0.0,2,4
IND690573AAA,0.0006293266205160479,0.0,1,0
IND691506AAA,0.0012586532410320957,0.0,1,1
IND695012AAA,0.004405286343612335,0.0,5,2
IND691305AAA,0.0012586532410320957,0.0,1,1
IND691574AAA,0.0018879798615481437,0.0,2,1
IND695614AAA,0.0012586532410320957,0.0,1,1
IND695101AAB,0.0025173064820641915,0.0,2,2
IND695012AAB,0.0006293266205160479,0.0,0,1
IND695541AAA,0.0018879798615481437,0.0,1,2
IND695582AAA,0.0012586532410320957,0.0,0,2
IND695609AAA,0.0012586532410320957,0.0,1,1
IND700026AAC,0.0018879798615481437,0.0,1,2
IND700065AAA,0.0018879798615481437,0.0,2,1
IND700028AAB,0.0012586532410320957,0.0,1,1
IND700053AAA,0.0031466331025802393,0.004395402706226346,2,3
IND700136AAB,0.0006293266205160479,0.0,1,0
IND743513AAA,0.0012586532410320957,0.00039042821158690176,1,1
IND700065AAB,0.0006293266205160479,0.0,0,1
IND712310AAA,0.0012586532410320957,0.0,2,0
IND700088AAA,0.0012586532410320957,0.0,1,1
IND700136AAG,0.0006293266205160479,0.0,0,1
IND711303AAA,0.0012586532410320957,0.0016075338911180589,1,1
IND721134AAB,0.0018879798615481437,0.0012278014758933206,1,2
IND712103AAA,0.0012586532410320957,2.21510575547764e-05,1,1
IND712310AAE,0.004405286343612335,0.003211586901763224,4,3
IND712124AAA,0.0012586532410320957,0.0004018834727795147,1,1
IND711409AAA,0.0006293266205160479,0.0,1,0
IND712410AAC,0.0012586532410320957,0.0011775818639798488,1,1
IND713103AAA,0.0012586532410320957,0.0,1,1
IND713145AAB,0.0012586532410320957,0.00039555459919243574,1,1
IND713205AAB,0.010069225928256766,0.013775188916876575,6,10
IND721306AAA,0.0037759597230962874,0.001967884130982368,3,3
IND732103AAB,0.0025173064820641915,0.002755037783375315,2,2
IND742101AAC,0.007551919446192575,0.009973761544920245,6,6
IND742102AAB,0.005663939584644431,0.0069563392107472545,5,4
IND743235AAA,0.0012586532410320957,0.00039357682619647357,1,1
IND781018AAB,0.01825047199496539,0.05049218123437452,15,14
IND826004AAA,0.007551919446192575,0.013575164427651835,7,5
IND712406AAA,0.0012586532410320957,0.0007840050377833753,1,1
IND712602AAA,0.0012586532410320957,0.00039042821158690176,1,1
IND722154AAA,0.0018879798615481437,0.0,2,1
IND712612AAA,0.0006293266205160479,0.0,0,1
IND713128AAB,0.0018879798615481437,0.0007808564231738035,1,2
IND731204AAB,0.0012586532410320957,0.0,1,1
IND731301AAA,0.0018879798615481437,0.003211586901763224,2,1
IND713130AAA,0.0025173064820641915,0.0005247691015952983,2,2
IND741123AAB,0.0018879798615481437,0.00026238455079764914,2,1
IND741126AAB,0.0018879798615481437,0.00039357682619647357,2,1
IND741316AAA,0.0006293266205160479,0.0,1,0
IND713148AAA,0.0012586532410320957,0.0011744332493702771,1,1
IND713303AAA,0.0012586532410320957,0.00039357682619647357,1,1
IND722101AAA,0.0012586532410320957,0.00039357682619647357,1,1
IND722101AAB,0.0006293266205160479,0.0,1,0
IND722101AAC,0.0012586532410320957,0.0,2,0
IND722143AAB,0.0012586532410320957,0.0,1,1
IND722202AAA,0.0018879798615481437,0.0,1,2
IND723130AAA,0.0031466331025802393,0.001967884130982368,3,2
IND723133AAA,0.0018879798615481437,0.0,2,1
IND713364AAB,0.0012586532410320957,0.0,1,1
IND721102AAA,0.0012586532410320957,0.0,1,1
IND721133AAA,0.0012586532410320957,0.0007871536523929471,1,1
IND721434AAB,0.0012586532410320957,0.00039357682619647357,1,1
IND721139AAC,0.0025173064820641915,0.0008123425692695215,2,2
IND721602AAB,0.0018879798615481437,0.0,2,1
IND721636AAB,0.0012586532410320957,0.0,1,1
IND721212AAA,0.0006293266205160479,0.0,0,1
IND721253AAC,0.0012586532410320957,0.0,1,1
IND721507AAA,0.0006293266205160479,0.0,1,0
IND721401AAA,0.0012586532410320957,0.0,1,1
IND721501AAC,0.0006293266205160479,0.0,0,1
IND722122AAA,0.0012586532410320957,0.0,1,1
IND722140AAA,0.0012586532410320957,0.00039357682619647357,1,1
IND722151AAA,0.0012586532410320957,0.0,1,1
IND723101AAA,0.0012586532410320957,0.00039357682619647357,1,1
IND723202AAA,0.0012586532410320957,0.0,1,1
IND723131AAA,0.0012586532410320957,0.0007871536523929471,1,1
IND731224AAA,0.0012586532410320957,0.0011807304785894208,1,1
IND742147AAA,0.0012586532410320957,0.0007871536523929471,1,1
IND731237AAB,0.0018879798615481437,0.0015743073047858943,2,1
IND732103AAA,0.0018879798615481437,0.0015806045340050379,2,1
IND732138AAA,0.0025173064820641915,0.0011838790931989925,1,3
IND732202AAA,0.0012586532410320957,0.0007871536523929471,1,1
IND733128AAA,0.0018879798615481437,0.0011807304785894208,1,2
IND733102AAA,0.0012586532410320957,0.0,2,0
IND733124AAA,0.0006293266205160479,0.0,1,0
IND733140AAA,0.0018879798615481437,0.0,1,2
IND732204AAB,0.0012586532410320957,0.00039357682619647357,1,1
IND732139AAA,0.0006293266205160479,0.0,1,0
IND733129AAB,0.0018879798615481437,0.00039357682619647357,2,1
IND733134AAA,0.0012586532410320957,0.0,1,1
IND733129AAA,0.0012586532410320957,0.0,1,1
IND733201AAA,0.0006293266205160479,0.0,0,1
IND733202AAB,0.0012586532410320957,0.0,1,1
IND733210AAA,0.0006293266205160479,0.0,1,0
IND734214AAB,0.0006293266205160479,0.0,0,1
IND735224AAA,0.0006293266205160479,0.0,0,1
IND736146AAA,0.0012586532410320957,0.0,1,1
IND736135AAA,0.0018879798615481437,0.0,1,2
IND736101AAA,0.0006293266205160479,0.0,1,0
IND736165AAA,0.0006293266205160479,0.0,1,0
IND741156AAA,0.0018879798615481437,0.0,1,2
IND741165AAB,0.0012586532410320957,0.0007840050377833753,1,1
IND742121AAB,0.0018879798615481437,0.00039042821158690176,1,2
IND741201AAC,0.0006293266205160479,0.0,0,1
IND742202AAA,0.0018879798615481437,0.001967884130982368,1,2
IND742303AAB,0.0018879798615481437,0.0011775818639798488,2,1
IND742121AAA,0.0018879798615481437,0.0,1,2
IND742137AAA,0.0012586532410320957,0.00039357682619647357,1,1
IND742401AAA,0.0018879798615481437,0.0,1,2
IND742148AAA,0.0012586532410320957,0.0,1,1
IND742225AAA,0.0018879798615481437,0.0032241813602015114,2,1
IND742149AAA,0.0012586532410320957,0.0,0,2
IND742223AAA,0.0012586532410320957,0.003237218839790894,1,1
IND742226AAA,0.0018879798615481437,0.006435768261964736,1,2
IND743270AAA,0.0012586532410320957,0.0,1,1
IND743347AAA,0.0012586532410320957,0.0,1,1
IND754103AAA,0.0012586532410320957,0.0007871536523929471,1,1
IND756100AAC,0.004405286343612335,0.003935768261964736,3,4
IND760003AAB,0.0018879798615481437,0.0007871536523929471,1,2
IND751014AAA,0.0006293266205160479,0.0,0,1
IND751015AAA,0.0025173064820641915,0.0,0,4
IND752050AAA,0.0018879798615481437,0.0,1,2
IND752055AAA,0.0012586532410320957,0.0,1,1
IND752056AAA,0.0018879798615481437,0.0,2,1
IND751021AAA,0.0006293266205160479,0.0,0,1
IND754022AAA,0.0012586532410320957,0.0,1,1
IND754142AAA,0.0012586532410320957,0.00039357682619647357,1,1
IND754211AAA,0.0006293266205160479,0.0,1,0
IND756019AAA,0.0037759597230962874,0.0015743073047858943,2,4
IND756032AAA,0.0012586532410320957,0.0,1,1
IND757001AAA,0.0018879798615481437,0.0,3,0
IND757025AAA,0.0012586532410320957,0.0,1,1
IND757041AAA,0.0018879798615481437,0.0,1,2
IND756045AAB,0.0012586532410320957,0.001967884130982368,1,1
IND757037AAA,0.0025173064820641915,0.0,2,2
IND758001AAA,0.0025173064820641915,0.00039357682619647357,3,1
IND758034AAA,0.0018879798615481437,0.0,1,2
IND758035AAA,0.0012586532410320957,0.0,1,1
IND761020AAA,0.0006293266205160479,0.0,1,0
IND764059AAA,0.0012586532410320957,0.0007871536523929471,1,1
IND764071AAB,0.0018879798615481437,0.00039357682619647357,1,2
IND764073AAA,0.0006293266205160479,0.0,1,0
IND767001AAA,0.0012586532410320957,0.0,1,1
IND767017AAA,0.0012586532410320957,6.297229219143577e-06,1,1
IND768004AAD,0.0012586532410320957,3.1486146095717885e-06,1,1
IND768028AAA,0.0006293266205160479,0.0,1,0
IND768028AAB,0.0006293266205160479,0.0,0,1
IND768216AAA,0.0006293266205160479,0.0,0,1
IND770001AAA,0.0012586532410320957,0.0,1,1
IND770017AAB,0.0006293266205160479,0.0,1,0
IND781001AAA,0.0006293266205160479,0.0,0,1
IND781003AAA,0.0012586532410320957,0.0,1,1
IND781005AAA,0.0012586532410320957,0.0,1,1
IND781014AAA,0.0012586532410320957,0.0,0,2
IND781102AAA,0.0012586532410320957,0.0,1,1
IND781124AAA,0.0012586532410320957,0.0,1,1
IND781018AAA,0.0006293266205160479,0.0,0,1
IND781022AAA,0.0012586532410320957,0.0,1,1
IND781354AAA,0.0012586532410320957,0.0031486146095717885,1,1
IND784001AAA,0.004405286343612335,0.0009807934508816122,3,4
IND784125AAA,0.0012586532410320957,0.00039357682619647357,1,1
IND784168AAB,0.0031466331025802393,0.007010390428211587,3,2
IND785001AAA,0.005034612964128383,0.006867128463476071,5,3
IND785612AAB,0.0025173064820641915,0.01585642317380353,2,2
IND785621AAA,0.0018879798615481437,4.093198992443325e-05,2,1
IND788026AAC,0.005034612964128383,0.002755037783375315,4,4
IND793001AAA,0.0018879798615481437,0.00039042821158690176,1,2
IND781335AAA,0.0012586532410320957,0.002755037783375315,1,1
IND783129AAA,0.0012586532410320957,0.00039357682619647357,1,1
IND794101AAA,0.0012586532410320957,0.0,1,1
IND783301AAA,0.0018879798615481437,0.0011807304785894208,2,1
IND783348AAA,0.0012586532410320957,0.0007871536523929471,1,1
IND783370AAB,0.0006293266205160479,0.0,0,1
IND784101AAA,0.0012586532410320957,0.0,1,1
IND790114AAA,0.0012586532410320957,0.0,2,0
IND791111AAC,0.0012586532410320957,0.0,2,0
IND784110AAA,0.0018879798615481437,0.0,1,2
IND784176AAA,0.0012586532410320957,0.006416876574307305,1,1
IND785112AAC,0.0018879798615481437,0.00039357682619647357,1,2
IND785682AAA,0.0025173064820641915,0.00855347265293723,2,2
IND798601AAA,0.0012586532410320957,0.0,1,1
IND785634AAA,0.0012586532410320957,0.0,1,1
IND785675AAA,0.0012586532410320957,0.015872166246851387,1,1
IND785690AAB,0.0012586532410320957,0.0,1,1
IND786001AAB,0.006922592825676526,0.02056045340050378,6,5
IND786125AAA,0.0018879798615481437,0.0007808564231738035,2,1
IND786171AAA,0.0012586532410320957,0.0011676771768160702,1,1
IND786184AAA,0.0018879798615481437,0.0007808564231738035,1,2
IND786602AAA,0.0006293266205160479,0.0,1,0
IND786190AAA,0.0025173064820641915,0.0011771704871966888,2,2
IND786181AAC,0.0037759597230962874,0.007197732997481108,3,3
IND792120AAB,0.0012586532410320957,0.0,1,1
IND792121AAB,0.0012586532410320957,0.0,1,1
IND792103AAB,0.0012586532410320957,0.0007871536523929471,1,1
IND787001AAA,0.0018879798615481437,0.003227329974811083,2,1
IND787057AAA,0.0012586532410320957,0.0032241813602015114,1,1
IND787059AAB,0.0012586532410320957,0.0032210327455919397,1,1
IND791102AAA,0.0018879798615481437,0.006435768261964736,2,1
IND788121AAA,0.0012586532410320957,0.00039357682619647357,1,1
IND788151AAA,0.0018879798615481437,0.0007871536523929471,1,2
IND799250AAA,0.0012586532410320957,0.00039357682619647357,1,1
IND796081AAA,0.0012586532410320957,0.0,1,1
IND788713AAA,0.0025173064820641915,0.0,2,2
IND788806AAA,0.0025173064820641915,0.0,2,2
IND790001AAB,0.0006293266205160479,0.0,0,1
IND791109AAA,0.0006293266205160479,0.0,0,1
IND791110AAA,0.0006293266205160479,0.0,0,1
IND791125AAB,0.0006293266205160479,0.0,0,1
IND792001AAA,0.0018879798615481437,0.00039357682619647357,1,2
IND792110AAA,0.0012586532410320957,0.0,1,1
IND792130AAB,0.0006293266205160479,0.0,0,1
IND793150AAA,0.0012586532410320957,0.0,1,1
IND796009AAA,0.0012586532410320957,0.0,1,1
IND796321AAB,0.0012586532410320957,0.0,1,1
IND799008AAA,0.0006293266205160479,0.0,1,0
IND801103AAA,0.0006293266205160479,0.0,0,1
IND802301AAA,0.0012586532410320957,0.0,1,1
IND802101AAA,0.0018879798615481437,0.0007871536523929471,1,2
IND802119AAA,0.0012586532410320957,0.0,1,1
IND802158AAB,0.0018879798615481437,0.0,2,1
IND802212AAA,0.0012586532410320957,0.0032115869017632246,1,1
IND802213AAB,0.0012586532410320957,0.00039239016239889625,1,1
IND804401AAA,0.0006293266205160479,0.0,1,0
IND803101AAA,0.0012586532410320957,9.445843828715366e-06,1,1
IND805110AAD,0.0012586532410320957,6.297229219143577e-06,1,1
IND803116AAA,0.0012586532410320957,3.1486146095717885e-06,1,1
IND803108AAB,0.0006293266205160479,0.0,1,0
IND803213AAA,0.0012586532410320957,0.0,0,2
IND803212AAB,0.0012586532410320957,0.0,2,0
IND811105AAA,0.0012586532410320957,0.0,1,1
IND804420AAA,0.0012586532410320957,1.2594458438287154e-05,1,1
IND804452AAA,0.0006293266205160479,0.0,0,1
IND812002AAA,0.0012586532410320957,0.0,1,1
IND813203AAA,0.0012586532410320957,0.0,2,0
IND813102AAA,0.0012586532410320957,0.0,0,2
IND814101AAB,0.0012586532410320957,0.00039357682619647357,1,1
IND816107AAA,0.0012586532410320957,0.0,1,1
IND814112AAA,0.0031466331025802393,0.0007142107472712019,3,2
IND814133AAA,0.0012586532410320957,9.730643140133919e-05,1,1
IND814133AAB,0.0025173064820641915,0.0002936083123425693,3,1
IND816109AAA,0.0018879798615481437,0.003211586901763224,2,1
IND815301AAA,0.0025173064820641915,0.00022696263643996655,1,3
IND815353AAA,0.0031466331025802393,0.0002281031522009714,2,3
IND815351AAA,0.0012586532410320957,0.0007871536523929471,1,1
IND821109AAA,0.0012586532410320957,0.0007808564231738035,1,1
IND824101AAA,0.0025173064820641915,0.00039357682619647357,2,2
IND821307AAA,0.0012586532410320957,0.0,1,1
IND825301AAA,0.0012586532410320957,0.00039357682619647357,1,1
IND825409AAA,0.0012586532410320957,0.0,1,1
IND826001AAC,0.0006293266205160479,0.0,0,1
IND828111AAA,0.0012586532410320957,0.0,1,1
IND827013AAA,0.0012586532410320957,0.00039357682619647357,1,1
IND829121AAA,0.0012586532410320957,0.0,1,1
IND828401AAB,0.0006293266205160479,0.0,0,1
IND829122AAA,0.0012586532410320957,0.0007871536523929471,1,1
IND832109AAB,0.0012586532410320957,0.0,1,1
IND841101AAA,0.0006293266205160479,0.0,0,1
IND841207AAB,0.0012586532410320957,0.0,2,0
IND841226AAB,0.0018879798615481437,3.1486146095717885e-06,2,1
IND841428AAA,0.0012586532410320957,0.0,2,0
IND841301AAC,0.0012586532410320957,0.0,1,1
IND841405AAA,0.0006293266205160479,0.0,0,1
IND841424AAA,0.0012586532410320957,0.0,0,2
IND843105AAB,0.0012586532410320957,0.0,1,1
IND843109AAB,0.0025173064820641915,0.0,2,2
IND843126AAA,0.0025173064820641915,0.0,2,2
IND843301AAA,0.0018879798615481437,0.0,2,1
IND843320AAA,0.0018879798615481437,0.00039239016239889625,2,1
IND843329AAB,0.0012586532410320957,0.0,1,1
IND845401AAA,0.0018879798615481437,0.003598866498740553,2,1
IND845412AAB,0.0012586532410320957,0.0,1,1
IND845418AAB,0.0025173064820641915,0.0,2,2
IND845438AAA,0.0018879798615481437,0.00039357682619647357,2,1
IND846004AAA,0.0012586532410320957,0.0007847803247977925,1,1
IND847212AAA,0.0012586532410320957,0.00039239016239889625,1,1
IND848101AAA,0.0018879798615481437,0.00039357682619647357,2,1
IND848114AAA,0.0012586532410320957,0.0011613483032289914,1,1
IND854326AAB,0.00881057268722467,0.03655698992443324,6,8
IND847223AAA,0.0012586532410320957,0.003211586901763223,1,1
IND844101AAB,0.0006293266205160479,0.0,0,1
IND844505AAB,0.0012586532410320957,0.0,1,1
IND845305AAA,0.0012586532410320957,0.003224561092616735,1,1
IND845455AAB,0.0018879798615481437,0.0,1,2
IND847103AAA,0.0012586532410320957,0.0036020151133501245,1,1
IND847404AAB,0.0012586532410320957,0.003208438287153651,1,1
IND847226AAA,0.0012586532410320957,0.003211586901763223,1,1
IND848210AAA,0.0012586532410320957,0.003999848107033909,1,1
IND851127AAA,0.0018879798615481437,0.006838347910838826,1,2
IND851112AAB,0.0006293266205160479,0.0,1,0
IND852111AAA,0.0037759597230962874,1.5743073047858942e-06,2,4
IND852118AAA,0.0025173064820641915,0.0017978589420654906,2,2
IND854311AAA,0.0031466331025802393,0.00019521410579345088,2,3
IND854335AAA,0.0031466331025802393,0.0017978589420654906,2,3
IND852113AAA,0.0025173064820641915,0.00019521410579345088,2,2
IND852139AAB,0.0018879798615481437,0.0032052896725440795,2,1
IND852201AAA,0.0031466331025802393,3.1486146095717885e-06,3,2
IND852131AAA,0.0025173064820641915,0.00019619508119944813,2,2
IND853204AAA,0.0018879798615481437,0.0,2,1
IND851204AAA,0.0012586532410320957,0.0,2,0
IND854105AAA,0.0012586532410320957,0.00019678841309823678,1,1
IND854105AAB,0.0018879798615481437,0.0005903652392947104,1,2
IND852118A1B,0.0018879798615481437,0.0,3,0
IND854334AAA,0.0031466331025802393,0.0013733655683961369,2,3
